STRUCTURE,STRUCTURE_ID,STRUCTURE_NAME,ACTION,FREQ,Frequency,GEO_PICT,Pacific Island Countries and territories,INDICATOR,Indicator,SEX,Sex,AGE,Age,URBANIZATION,Urbanization,DISABILITY,Disability,COMPOSITE_BREAKDOWN,Composite breakdown,TIME_PERIOD,Time,OBS_VALUE,Observation value,UNIT_MEASURE,Unit of measure,UNIT_MULT,Unit multiplier,OBS_STATUS,Observation Status,OBS_COMMENT,Comment,DATA_SOURCE,Data source
DATAFLOW,SPC:DF_NMDI_POP(1.0),National Minimum Development Indicators (NMDI) for Population,I,A,Annual,PW,Palau,NMDI0002,Population growth (%),_T,Total,_T,All ages,_T,National,_T,No breakdown by disability,_Z,Not applicable,1990,,2.15,,PERCENT,percent,,,E,Estimated value,,,Population projections (PDH.Stat),
DATAFLOW,SPC:DF_NMDI_POP(1.0),National Minimum Development Indicators (NMDI) for Population,I,A,Annual,PW,Palau,NMDI0002,Population growth (%),_T,Total,_T,All ages,_T,National,_T,No breakdown by disability,_Z,Not applicable,1991,,2.31,,PERCENT,percent,,,E,Estimated value,,,Population projections (PDH.Stat),
DATAFLOW,SPC:DF_NMDI_POP(1.0),National Minimum Development Indicators (NMDI) for Population,I,A,Annual,PW,Palau,NMDI0002,Population growth (%),_T,Total,_T,All ages,_T,National,_T,No breakdown by disability,_Z,Not applicable,1992,,2.37,,PERCENT,percent,,,E,Estimated value,,,Population projections (PDH.Stat),
DATAFLOW,SPC:DF_NMDI_POP(1.0),National Minimum Development Indicators (NMDI) for Population,I,A,Annual,PW,Palau,NMDI0002,Population growth (%),_T,Total,_T,All ages,_T,National,_T,No breakdown by disability,_Z,Not applicable,1993,,2.4,,PERCENT,percent,,,E,Estimated value,,,Population projections (PDH.Stat),
DATAFLOW,SPC:DF_NMDI_POP(1.0),National Minimum Development Indicators (NMDI) for Population,I,A,Annual,PW,Palau,NMDI0002,Population growth (%),_T,Total,_T,All ages,_T,National,_T,No breakdown by disability,_Z,Not applicable,1994,,2.44,,PERCENT,percent,,,E,Estimated value,,,Population projections (PDH.Stat),
DATAFLOW,SPC:DF_NMDI_POP(1.0),National Minimum Development Indicators (NMDI) for Population,I,A,Annual,PW,Palau,NMDI0002,Population growth (%),_T,Total,_T,All ages,_T,National,_T,No breakdown by disability,_Z,Not applicable,1995,,2.52,,PERCENT,percent,,,E,Estimated value,,,Population projections (PDH.Stat),
DATAFLOW,SPC:DF_NMDI_POP(1.0),National Minimum Development Indicators (NMDI) for Population,I,A,Annual,PW,Palau,NMDI0002,Population growth (%),_T,Total,_T,All ages,_T,National,_T,No breakdown by disability,_Z,Not applicable,1996,,2.68,,PERCENT,percent,,,E,Estimated value,,,Population projections (PDH.Stat),
DATAFLOW,SPC:DF_NMDI_POP(1.0),National Minimum Development Indicators (NMDI) for Population,I,A,Annual,PW,Palau,NMDI0002,Population growth (%),_T,Total,_T,All ages,_T,National,_T,No breakdown by disability,_Z,Not applicable,1997,,2.57,,PERCENT,percent,,,E,Estimated value,,,Population projections (PDH.Stat),
DATAFLOW,SPC:DF_NMDI_POP(1.0),National Minimum Development Indicators (NMDI) for Population,I,A,Annual,PW,Palau,NMDI0002,Population growth (%),_T,Total,_T,All ages,_T,National,_T,No breakdown by disability,_Z,Not applicable,1998,,2.29,,PERCENT,percent,,,E,Estimated value,,,Population projections (PDH.Stat),
DATAFLOW,SPC:DF_NMDI_POP(1.0),National Minimum Development Indicators (NMDI) for Population,I,A,Annual,PW,Palau,NMDI0002,Population growth (%),_T,Total,_T,All ages,_T,National,_T,No breakdown by disability,_Z,Not applicable,1999,,2.05,,PERCENT,percent,,,E,Estimated value,,,Population projections (PDH.Stat),
DATAFLOW,SPC:DF_NMDI_POP(1.0),National Minimum Development Indicators (NMDI) for Population,I,A,Annual,PW,Palau,NMDI0002,Population growth (%),_T,Total,_T,All ages,_T,National,_T,No breakdown by disability,_Z,Not applicable,2000,,1.44,,PERCENT,percent,,,E,Estimated value,,,Population projections (PDH.Stat),
DATAFLOW,SPC:DF_NMDI_POP(1.0),National Minimum Development Indicators (NMDI) for Population,I,A,Annual,PW,Palau,NMDI0002,Population growth (%),_T,Total,_T,All ages,_T,National,_T,No breakdown by disability,_Z,Not applicable,2001,,0.89,,PERCENT,percent,,,E,Estimated value,,,Population projections (PDH.Stat),
DATAFLOW,SPC:DF_NMDI_POP(1.0),National Minimum Development Indicators (NMDI) for Population,I,A,Annual,PW,Palau,NMDI0002,Population growth (%),_T,Total,_T,All ages,_T,National,_T,No breakdown by disability,_Z,Not applicable,2002,,0.79,,PERCENT,percent,,,E,Estimated value,,,Population projections (PDH.Stat),
DATAFLOW,SPC:DF_NMDI_POP(1.0),National Minimum Development Indicators (NMDI) for Population,I,A,Annual,PW,Palau,NMDI0002,Population growth (%),_T,Total,_T,All ages,_T,National,_T,No breakdown by disability,_Z,Not applicable,2003,,0.79,,PERCENT,percent,,,E,Estimated value,,,Population projections (PDH.Stat),
DATAFLOW,SPC:DF_NMDI_POP(1.0),National Minimum Development Indicators (NMDI) for Population,I,A,Annual,PW,Palau,NMDI0002,Population growth (%),_T,Total,_T,All ages,_T,National,_T,No breakdown by disability,_Z,Not applicable,2004,,0.82,,PERCENT,percent,,,E,Estimated value,,,Population projections (PDH.Stat),
DATAFLOW,SPC:DF_NMDI_POP(1.0),National Minimum Development Indicators (NMDI) for Population,I,A,Annual,PW,Palau,NMDI0002,Population growth (%),_T,Total,_T,All ages,_T,National,_T,No breakdown by disability,_Z,Not applicable,2005,,-0.01,,PERCENT,percent,,,E,Estimated value,,,Population projections (PDH.Stat),
DATAFLOW,SPC:DF_NMDI_POP(1.0),National Minimum Development Indicators (NMDI) for Population,I,A,Annual,PW,Palau,NMDI0002,Population growth (%),_T,Total,_T,All ages,_T,National,_T,No breakdown by disability,_Z,Not applicable,2006,,-1.13,,PERCENT,percent,,,E,Estimated value,,,Population projections (PDH.Stat),
DATAFLOW,SPC:DF_NMDI_POP(1.0),National Minimum Development Indicators (NMDI) for Population,I,A,Annual,PW,Palau,NMDI0002,Population growth (%),_T,Total,_T,All ages,_T,National,_T,No breakdown by disability,_Z,Not applicable,2007,,-1.47,,PERCENT,percent,,,E,Estimated value,,,Population projections (PDH.Stat),
DATAFLOW,SPC:DF_NMDI_POP(1.0),National Minimum Development Indicators (NMDI) for Population,I,A,Annual,PW,Palau,NMDI0002,Population growth (%),_T,Total,_T,All ages,_T,National,_T,No breakdown by disability,_Z,Not applicable,2008,,-1.55,,PERCENT,percent,,,E,Estimated value,,,Population projections (PDH.Stat),
DATAFLOW,SPC:DF_NMDI_POP(1.0),National Minimum Development Indicators (NMDI) for Population,I,A,Annual,PW,Palau,NMDI0002,Population growth (%),_T,Total,_T,All ages,_T,National,_T,No breakdown by disability,_Z,Not applicable,2009,,-1.51,,PERCENT,percent,,,E,Estimated value,,,Population projections (PDH.Stat),
DATAFLOW,SPC:DF_NMDI_POP(1.0),National Minimum Development Indicators (NMDI) for Population,I,A,Annual,PW,Palau,NMDI0002,Population growth (%),_T,Total,_T,All ages,_T,National,_T,No breakdown by disability,_Z,Not applicable,2010,,-1.69,,PERCENT,percent,,,E,Estimated value,,,Population projections (PDH.Stat),
DATAFLOW,SPC:DF_NMDI_POP(1.0),National Minimum Development Indicators (NMDI) for Population,I,A,Annual,PW,Palau,NMDI0002,Population growth (%),_T,Total,_T,All ages,_T,National,_T,No breakdown by disability,_Z,Not applicable,2011,,-1.74,,PERCENT,percent,,,E,Estimated value,,,Population projections (PDH.Stat),
DATAFLOW,SPC:DF_NMDI_POP(1.0),National Minimum Development Indicators (NMDI) for Population,I,A,Annual,PW,Palau,NMDI0002,Population growth (%),_T,Total,_T,All ages,_T,National,_T,No breakdown by disability,_Z,Not applicable,2012,,-1.72,,PERCENT,percent,,,E,Estimated value,,,Population projections (PDH.Stat),
DATAFLOW,SPC:DF_NMDI_POP(1.0),National Minimum Development Indicators (NMDI) for Population,I,A,Annual,PW,Palau,NMDI0002,Population growth (%),_T,Total,_T,All ages,_T,National,_T,No breakdown by disability,_Z,Not applicable,2013,,-0.71,,PERCENT,percent,,,E,Estimated value,,,Population projections (PDH.Stat),
DATAFLOW,SPC:DF_NMDI_POP(1.0),National Minimum Development Indicators (NMDI) for Population,I,A,Annual,PW,Palau,NMDI0002,Population growth (%),_T,Total,_T,All ages,_T,National,_T,No breakdown by disability,_Z,Not applicable,2014,,0.41,,PERCENT,percent,,,E,Estimated value,,,Population projections (PDH.Stat),
DATAFLOW,SPC:DF_NMDI_POP(1.0),National Minimum Development Indicators (NMDI) for Population,I,A,Annual,PW,Palau,NMDI0002,Population growth (%),_T,Total,_T,All ages,_T,National,_T,No breakdown by disability,_Z,Not applicable,2015,,0.34,,PERCENT,percent,,,E,Estimated value,,,Population projections (PDH.Stat),
DATAFLOW,SPC:DF_NMDI_POP(1.0),National Minimum Development Indicators (NMDI) for Population,I,A,Annual,PW,Palau,NMDI0002,Population growth (%),_T,Total,_T,All ages,_T,National,_T,No breakdown by disability,_Z,Not applicable,2016,,0.1,,PERCENT,percent,,,E,Estimated value,,,Population projections (PDH.Stat),
DATAFLOW,SPC:DF_NMDI_POP(1.0),National Minimum Development Indicators (NMDI) for Population,I,A,Annual,PW,Palau,NMDI0002,Population growth (%),_T,Total,_T,All ages,_T,National,_T,No breakdown by disability,_Z,Not applicable,2017,,0.13,,PERCENT,percent,,,E,Estimated value,,,Population projections (PDH.Stat),
DATAFLOW,SPC:DF_NMDI_POP(1.0),National Minimum Development Indicators (NMDI) for Population,I,A,Annual,PW,Palau,NMDI0002,Population growth (%),_T,Total,_T,All ages,_T,National,_T,No breakdown by disability,_Z,Not applicable,2018,,-0.01,,PERCENT,percent,,,E,Estimated value,,,Population projections (PDH.Stat),
DATAFLOW,SPC:DF_NMDI_POP(1.0),National Minimum Development Indicators (NMDI) for Population,I,A,Annual,PW,Palau,NMDI0002,Population growth (%),_T,Total,_T,All ages,_T,National,_T,No breakdown by disability,_Z,Not applicable,2019,,-0.12,,PERCENT,percent,,,E,Estimated value,,,Population projections (PDH.Stat),
DATAFLOW,SPC:DF_NMDI_POP(1.0),National Minimum Development Indicators (NMDI) for Population,I,A,Annual,PW,Palau,NMDI0002,Population growth (%),_T,Total,_T,All ages,_T,National,_T,No breakdown by disability,_Z,Not applicable,2020,,0.02,,PERCENT,percent,,,E,Estimated value,,,Population projections (PDH.Stat),
DATAFLOW,SPC:DF_NMDI_POP(1.0),National Minimum Development Indicators (NMDI) for Population,I,A,Annual,PW,Palau,NMDI0002,Population growth (%),_T,Total,_T,All ages,_T,National,_T,No breakdown by disability,_Z,Not applicable,2021,,-0.05,,PERCENT,percent,,,E,Estimated value,,,Population projections (PDH.Stat),
DATAFLOW,SPC:DF_NMDI_POP(1.0),National Minimum Development Indicators (NMDI) for Population,I,A,Annual,PW,Palau,NMDI0002,Population growth (%),_T,Total,_T,All ages,_T,National,_T,No breakdown by disability,_Z,Not applicable,2022,,-0.13,,PERCENT,percent,,,E,Estimated value,,,Population projections (PDH.Stat),
DATAFLOW,SPC:DF_NMDI_POP(1.0),National Minimum Development Indicators (NMDI) for Population,I,A,Annual,PW,Palau,NMDI0002,Population growth (%),_T,Total,_T,All ages,_T,National,_T,No breakdown by disability,_Z,Not applicable,2023,,-0.19,,PERCENT,percent,,,E,Estimated value,,,Population projections (PDH.Stat),
DATAFLOW,SPC:DF_NMDI_POP(1.0),National Minimum Development Indicators (NMDI) for Population,I,A,Annual,PW,Palau,NMDI0002,Population growth (%),_T,Total,_T,All ages,_T,National,_T,No breakdown by disability,_Z,Not applicable,2024,,-0.37,,PERCENT,percent,,,E,Estimated value,,,Population projections (PDH.Stat),
DATAFLOW,SPC:DF_NMDI_POP(1.0),National Minimum Development Indicators (NMDI) for Population,I,A,Annual,PW,Palau,NMDI0002,Population growth (%),_T,Total,_T,All ages,_T,National,_T,No breakdown by disability,_Z,Not applicable,2025,,-0.13,,PERCENT,percent,,,E,Estimated value,,,Population projections (PDH.Stat),
DATAFLOW,SPC:DF_NMDI_POP(1.0),National Minimum Development Indicators (NMDI) for Population,I,A,Annual,MP,Northern Mariana Islands,NMDI0002,Population growth (%),_T,Total,_T,All ages,_T,National,_T,No breakdown by disability,_Z,Not applicable,1990,,4.93,,PERCENT,percent,,,E,Estimated value,,,Population projections (PDH.Stat),
DATAFLOW,SPC:DF_NMDI_POP(1.0),National Minimum Development Indicators (NMDI) for Population,I,A,Annual,MP,Northern Mariana Islands,NMDI0002,Population growth (%),_T,Total,_T,All ages,_T,National,_T,No breakdown by disability,_Z,Not applicable,1991,,2.44,,PERCENT,percent,,,E,Estimated value,,,Population projections (PDH.Stat),
DATAFLOW,SPC:DF_NMDI_POP(1.0),National Minimum Development Indicators (NMDI) for Population,I,A,Annual,MP,Northern Mariana Islands,NMDI0002,Population growth (%),_T,Total,_T,All ages,_T,National,_T,No breakdown by disability,_Z,Not applicable,1992,,1.75,,PERCENT,percent,,,E,Estimated value,,,Population projections (PDH.Stat),
DATAFLOW,SPC:DF_NMDI_POP(1.0),National Minimum Development Indicators (NMDI) for Population,I,A,Annual,MP,Northern Mariana Islands,NMDI0002,Population growth (%),_T,Total,_T,All ages,_T,National,_T,No breakdown by disability,_Z,Not applicable,1993,,1.71,,PERCENT,percent,,,E,Estimated value,,,Population projections (PDH.Stat),
DATAFLOW,SPC:DF_NMDI_POP(1.0),National Minimum Development Indicators (NMDI) for Population,I,A,Annual,MP,Northern Mariana Islands,NMDI0002,Population growth (%),_T,Total,_T,All ages,_T,National,_T,No breakdown by disability,_Z,Not applicable,1994,,1.69,,PERCENT,percent,,,E,Estimated value,,,Population projections (PDH.Stat),
DATAFLOW,SPC:DF_NMDI_POP(1.0),National Minimum Development Indicators (NMDI) for Population,I,A,Annual,MP,Northern Mariana Islands,NMDI0002,Population growth (%),_T,Total,_T,All ages,_T,National,_T,No breakdown by disability,_Z,Not applicable,1995,,3.09,,PERCENT,percent,,,E,Estimated value,,,Population projections (PDH.Stat),
DATAFLOW,SPC:DF_NMDI_POP(1.0),National Minimum Development Indicators (NMDI) for Population,I,A,Annual,MP,Northern Mariana Islands,NMDI0002,Population growth (%),_T,Total,_T,All ages,_T,National,_T,No breakdown by disability,_Z,Not applicable,1996,,7.32,,PERCENT,percent,,,E,Estimated value,,,Population projections (PDH.Stat),
DATAFLOW,SPC:DF_NMDI_POP(1.0),National Minimum Development Indicators (NMDI) for Population,I,A,Annual,MP,Northern Mariana Islands,NMDI0002,Population growth (%),_T,Total,_T,All ages,_T,National,_T,No breakdown by disability,_Z,Not applicable,1997,,9.45,,PERCENT,percent,,,E,Estimated value,,,Population projections (PDH.Stat),
DATAFLOW,SPC:DF_NMDI_POP(1.0),National Minimum Development Indicators (NMDI) for Population,I,A,Annual,MP,Northern Mariana Islands,NMDI0002,Population growth (%),_T,Total,_T,All ages,_T,National,_T,No breakdown by disability,_Z,Not applicable,1998,,8.37,,PERCENT,percent,,,E,Estimated value,,,Population projections (PDH.Stat),
DATAFLOW,SPC:DF_NMDI_POP(1.0),National Minimum Development Indicators (NMDI) for Population,I,A,Annual,MP,Northern Mariana Islands,NMDI0002,Population growth (%),_T,Total,_T,All ages,_T,National,_T,No breakdown by disability,_Z,Not applicable,1999,,7.46,,PERCENT,percent,,,E,Estimated value,,,Population projections (PDH.Stat),
DATAFLOW,SPC:DF_NMDI_POP(1.0),National Minimum Development Indicators (NMDI) for Population,I,A,Annual,MP,Northern Mariana Islands,NMDI0002,Population growth (%),_T,Total,_T,All ages,_T,National,_T,No breakdown by disability,_Z,Not applicable,2000,,3.7,,PERCENT,percent,,,E,Estimated value,,,Population projections (PDH.Stat),
DATAFLOW,SPC:DF_NMDI_POP(1.0),National Minimum Development Indicators (NMDI) for Population,I,A,Annual,MP,Northern Mariana Islands,NMDI0002,Population growth (%),_T,Total,_T,All ages,_T,National,_T,No breakdown by disability,_Z,Not applicable,2001,,-0.54,,PERCENT,percent,,,E,Estimated value,,,Population projections (PDH.Stat),
DATAFLOW,SPC:DF_NMDI_POP(1.0),National Minimum Development Indicators (NMDI) for Population,I,A,Annual,MP,Northern Mariana Islands,NMDI0002,Population growth (%),_T,Total,_T,All ages,_T,National,_T,No breakdown by disability,_Z,Not applicable,2002,,-1.76,,PERCENT,percent,,,E,Estimated value,,,Population projections (PDH.Stat),
DATAFLOW,SPC:DF_NMDI_POP(1.0),National Minimum Development Indicators (NMDI) for Population,I,A,Annual,MP,Northern Mariana Islands,NMDI0002,Population growth (%),_T,Total,_T,All ages,_T,National,_T,No breakdown by disability,_Z,Not applicable,2003,,-2.04,,PERCENT,percent,,,E,Estimated value,,,Population projections (PDH.Stat),
DATAFLOW,SPC:DF_NMDI_POP(1.0),National Minimum Development Indicators (NMDI) for Population,I,A,Annual,MP,Northern Mariana Islands,NMDI0002,Population growth (%),_T,Total,_T,All ages,_T,National,_T,No breakdown by disability,_Z,Not applicable,2004,,-2.27,,PERCENT,percent,,,E,Estimated value,,,Population projections (PDH.Stat),
DATAFLOW,SPC:DF_NMDI_POP(1.0),National Minimum Development Indicators (NMDI) for Population,I,A,Annual,MP,Northern Mariana Islands,NMDI0002,Population growth (%),_T,Total,_T,All ages,_T,National,_T,No breakdown by disability,_Z,Not applicable,2005,,-2.47,,PERCENT,percent,,,E,Estimated value,,,Population projections (PDH.Stat),
DATAFLOW,SPC:DF_NMDI_POP(1.0),National Minimum Development Indicators (NMDI) for Population,I,A,Annual,MP,Northern Mariana Islands,NMDI0002,Population growth (%),_T,Total,_T,All ages,_T,National,_T,No breakdown by disability,_Z,Not applicable,2006,,-2.67,,PERCENT,percent,,,E,Estimated value,,,Population projections (PDH.Stat),
DATAFLOW,SPC:DF_NMDI_POP(1.0),National Minimum Development Indicators (NMDI) for Population,I,A,Annual,MP,Northern Mariana Islands,NMDI0002,Population growth (%),_T,Total,_T,All ages,_T,National,_T,No breakdown by disability,_Z,Not applicable,2007,,-2.87,,PERCENT,percent,,,E,Estimated value,,,Population projections (PDH.Stat),
DATAFLOW,SPC:DF_NMDI_POP(1.0),National Minimum Development Indicators (NMDI) for Population,I,A,Annual,MP,Northern Mariana Islands,NMDI0002,Population growth (%),_T,Total,_T,All ages,_T,National,_T,No breakdown by disability,_Z,Not applicable,2008,,-3.05,,PERCENT,percent,,,E,Estimated value,,,Population projections (PDH.Stat),
DATAFLOW,SPC:DF_NMDI_POP(1.0),National Minimum Development Indicators (NMDI) for Population,I,A,Annual,MP,Northern Mariana Islands,NMDI0002,Population growth (%),_T,Total,_T,All ages,_T,National,_T,No breakdown by disability,_Z,Not applicable,2009,,-3.18,,PERCENT,percent,,,E,Estimated value,,,Population projections (PDH.Stat),
DATAFLOW,SPC:DF_NMDI_POP(1.0),National Minimum Development Indicators (NMDI) for Population,I,A,Annual,MP,Northern Mariana Islands,NMDI0002,Population growth (%),_T,Total,_T,All ages,_T,National,_T,No breakdown by disability,_Z,Not applicable,2010,,-2.22,,PERCENT,percent,,,E,Estimated value,,,Population projections (PDH.Stat),
DATAFLOW,SPC:DF_NMDI_POP(1.0),National Minimum Development Indicators (NMDI) for Population,I,A,Annual,MP,Northern Mariana Islands,NMDI0002,Population growth (%),_T,Total,_T,All ages,_T,National,_T,No breakdown by disability,_Z,Not applicable,2011,,-0.89,,PERCENT,percent,,,E,Estimated value,,,Population projections (PDH.Stat),
DATAFLOW,SPC:DF_NMDI_POP(1.0),National Minimum Development Indicators (NMDI) for Population,I,A,Annual,MP,Northern Mariana Islands,NMDI0002,Population growth (%),_T,Total,_T,All ages,_T,National,_T,No breakdown by disability,_Z,Not applicable,2012,,-0.71,,PERCENT,percent,,,E,Estimated value,,,Population projections (PDH.Stat),
DATAFLOW,SPC:DF_NMDI_POP(1.0),National Minimum Development Indicators (NMDI) for Population,I,A,Annual,MP,Northern Mariana Islands,NMDI0002,Population growth (%),_T,Total,_T,All ages,_T,National,_T,No breakdown by disability,_Z,Not applicable,2013,,-0.89,,PERCENT,percent,,,E,Estimated value,,,Population projections (PDH.Stat),
DATAFLOW,SPC:DF_NMDI_POP(1.0),National Minimum Development Indicators (NMDI) for Population,I,A,Annual,MP,Northern Mariana Islands,NMDI0002,Population growth (%),_T,Total,_T,All ages,_T,National,_T,No breakdown by disability,_Z,Not applicable,2014,,-1.1,,PERCENT,percent,,,E,Estimated value,,,Population projections (PDH.Stat),
DATAFLOW,SPC:DF_NMDI_POP(1.0),National Minimum Development Indicators (NMDI) for Population,I,A,Annual,MP,Northern Mariana Islands,NMDI0002,Population growth (%),_T,Total,_T,All ages,_T,National,_T,No breakdown by disability,_Z,Not applicable,2015,,-1.27,,PERCENT,percent,,,E,Estimated value,,,Population projections (PDH.Stat),
DATAFLOW,SPC:DF_NMDI_POP(1.0),National Minimum Development Indicators (NMDI) for Population,I,A,Annual,MP,Northern Mariana Islands,NMDI0002,Population growth (%),_T,Total,_T,All ages,_T,National,_T,No breakdown by disability,_Z,Not applicable,2016,,-1.44,,PERCENT,percent,,,E,Estimated value,,,Population projections (PDH.Stat),
DATAFLOW,SPC:DF_NMDI_POP(1.0),National Minimum Development Indicators (NMDI) for Population,I,A,Annual,MP,Northern Mariana Islands,NMDI0002,Population growth (%),_T,Total,_T,All ages,_T,National,_T,No breakdown by disability,_Z,Not applicable,2017,,-1.59,,PERCENT,percent,,,E,Estimated value,,,Population projections (PDH.Stat),
DATAFLOW,SPC:DF_NMDI_POP(1.0),National Minimum Development Indicators (NMDI) for Population,I,A,Annual,MP,Northern Mariana Islands,NMDI0002,Population growth (%),_T,Total,_T,All ages,_T,National,_T,No breakdown by disability,_Z,Not applicable,2018,,-1.77,,PERCENT,percent,,,E,Estimated value,,,Population projections (PDH.Stat),
DATAFLOW,SPC:DF_NMDI_POP(1.0),National Minimum Development Indicators (NMDI) for Population,I,A,Annual,MP,Northern Mariana Islands,NMDI0002,Population growth (%),_T,Total,_T,All ages,_T,National,_T,No breakdown by disability,_Z,Not applicable,2019,,-1.92,,PERCENT,percent,,,E,Estimated value,,,Population projections (PDH.Stat),
DATAFLOW,SPC:DF_NMDI_POP(1.0),National Minimum Development Indicators (NMDI) for Population,I,A,Annual,MP,Northern Mariana Islands,NMDI0002,Population growth (%),_T,Total,_T,All ages,_T,National,_T,No breakdown by disability,_Z,Not applicable,2020,,-1.26,,PERCENT,percent,,,E,Estimated value,,,Population projections (PDH.Stat),
DATAFLOW,SPC:DF_NMDI_POP(1.0),National Minimum Development Indicators (NMDI) for Population,I,A,Annual,MP,Northern Mariana Islands,NMDI0002,Population growth (%),_T,Total,_T,All ages,_T,National,_T,No breakdown by disability,_Z,Not applicable,2021,,-1.14,,PERCENT,percent,,,E,Estimated value,,,Population projections (PDH.Stat),
DATAFLOW,SPC:DF_NMDI_POP(1.0),National Minimum Development Indicators (NMDI) for Population,I,A,Annual,MP,Northern Mariana Islands,NMDI0002,Population growth (%),_T,Total,_T,All ages,_T,National,_T,No breakdown by disability,_Z,Not applicable,2022,,-1.92,,PERCENT,percent,,,E,Estimated value,,,Population projections (PDH.Stat),
DATAFLOW,SPC:DF_NMDI_POP(1.0),National Minimum Development Indicators (NMDI) for Population,I,A,Annual,MP,Northern Mariana Islands,NMDI0002,Population growth (%),_T,Total,_T,All ages,_T,National,_T,No breakdown by disability,_Z,Not applicable,2023,,-2.03,,PERCENT,percent,,,E,Estimated value,,,Population projections (PDH.Stat),
DATAFLOW,SPC:DF_NMDI_POP(1.0),National Minimum Development Indicators (NMDI) for Population,I,A,Annual,MP,Northern Mariana Islands,NMDI0002,Population growth (%),_T,Total,_T,All ages,_T,National,_T,No breakdown by disability,_Z,Not applicable,2024,,-1.16,,PERCENT,percent,,,E,Estimated value,,,Population projections (PDH.Stat),
DATAFLOW,SPC:DF_NMDI_POP(1.0),National Minimum Development Indicators (NMDI) for Population,I,A,Annual,MP,Northern Mariana Islands,NMDI0002,Population growth (%),_T,Total,_T,All ages,_T,National,_T,No breakdown by disability,_Z,Not applicable,2025,,-1.75,,PERCENT,percent,,,E,Estimated value,,,Population projections (PDH.Stat),
DATAFLOW,SPC:DF_NMDI_POP(1.0),National Minimum Development Indicators (NMDI) for Population,I,A,Annual,MH,Marshall Islands,NMDI0002,Population growth (%),_T,Total,_T,All ages,_T,National,_T,No breakdown by disability,_Z,Not applicable,1990,,2.41,,PERCENT,percent,,,E,Estimated value,,,Population projections (PDH.Stat),
DATAFLOW,SPC:DF_NMDI_POP(1.0),National Minimum Development Indicators (NMDI) for Population,I,A,Annual,MH,Marshall Islands,NMDI0002,Population growth (%),_T,Total,_T,All ages,_T,National,_T,No breakdown by disability,_Z,Not applicable,1991,,2.08,,PERCENT,percent,,,E,Estimated value,,,Population projections (PDH.Stat),
DATAFLOW,SPC:DF_NMDI_POP(1.0),National Minimum Development Indicators (NMDI) for Population,I,A,Annual,MH,Marshall Islands,NMDI0002,Population growth (%),_T,Total,_T,All ages,_T,National,_T,No breakdown by disability,_Z,Not applicable,1992,,1.82,,PERCENT,percent,,,E,Estimated value,,,Population projections (PDH.Stat),
DATAFLOW,SPC:DF_NMDI_POP(1.0),National Minimum Development Indicators (NMDI) for Population,I,A,Annual,MH,Marshall Islands,NMDI0002,Population growth (%),_T,Total,_T,All ages,_T,National,_T,No breakdown by disability,_Z,Not applicable,1993,,1.51,,PERCENT,percent,,,E,Estimated value,,,Population projections (PDH.Stat),
DATAFLOW,SPC:DF_NMDI_POP(1.0),National Minimum Development Indicators (NMDI) for Population,I,A,Annual,MH,Marshall Islands,NMDI0002,Population growth (%),_T,Total,_T,All ages,_T,National,_T,No breakdown by disability,_Z,Not applicable,1994,,1.32,,PERCENT,percent,,,E,Estimated value,,,Population projections (PDH.Stat),
DATAFLOW,SPC:DF_NMDI_POP(1.0),National Minimum Development Indicators (NMDI) for Population,I,A,Annual,MH,Marshall Islands,NMDI0002,Population growth (%),_T,Total,_T,All ages,_T,National,_T,No breakdown by disability,_Z,Not applicable,1995,,1.16,,PERCENT,percent,,,E,Estimated value,,,Population projections (PDH.Stat),
DATAFLOW,SPC:DF_NMDI_POP(1.0),National Minimum Development Indicators (NMDI) for Population,I,A,Annual,MH,Marshall Islands,NMDI0002,Population growth (%),_T,Total,_T,All ages,_T,National,_T,No breakdown by disability,_Z,Not applicable,1996,,1.05,,PERCENT,percent,,,E,Estimated value,,,Population projections (PDH.Stat),
DATAFLOW,SPC:DF_NMDI_POP(1.0),National Minimum Development Indicators (NMDI) for Population,I,A,Annual,MH,Marshall Islands,NMDI0002,Population growth (%),_T,Total,_T,All ages,_T,National,_T,No breakdown by disability,_Z,Not applicable,1997,,0.99,,PERCENT,percent,,,E,Estimated value,,,Population projections (PDH.Stat),
DATAFLOW,SPC:DF_NMDI_POP(1.0),National Minimum Development Indicators (NMDI) for Population,I,A,Annual,MH,Marshall Islands,NMDI0002,Population growth (%),_T,Total,_T,All ages,_T,National,_T,No breakdown by disability,_Z,Not applicable,1998,,0.93,,PERCENT,percent,,,E,Estimated value,,,Population projections (PDH.Stat),
DATAFLOW,SPC:DF_NMDI_POP(1.0),National Minimum Development Indicators (NMDI) for Population,I,A,Annual,MH,Marshall Islands,NMDI0002,Population growth (%),_T,Total,_T,All ages,_T,National,_T,No breakdown by disability,_Z,Not applicable,1999,,0.98,,PERCENT,percent,,,E,Estimated value,,,Population projections (PDH.Stat),
DATAFLOW,SPC:DF_NMDI_POP(1.0),National Minimum Development Indicators (NMDI) for Population,I,A,Annual,MH,Marshall Islands,NMDI0002,Population growth (%),_T,Total,_T,All ages,_T,National,_T,No breakdown by disability,_Z,Not applicable,2000,,1,,PERCENT,percent,,,E,Estimated value,,,Population projections (PDH.Stat),
DATAFLOW,SPC:DF_NMDI_POP(1.0),National Minimum Development Indicators (NMDI) for Population,I,A,Annual,MH,Marshall Islands,NMDI0002,Population growth (%),_T,Total,_T,All ages,_T,National,_T,No breakdown by disability,_Z,Not applicable,2001,,0.83,,PERCENT,percent,,,E,Estimated value,,,Population projections (PDH.Stat),
DATAFLOW,SPC:DF_NMDI_POP(1.0),National Minimum Development Indicators (NMDI) for Population,I,A,Annual,MH,Marshall Islands,NMDI0002,Population growth (%),_T,Total,_T,All ages,_T,National,_T,No breakdown by disability,_Z,Not applicable,2002,,0.59,,PERCENT,percent,,,E,Estimated value,,,Population projections (PDH.Stat),
DATAFLOW,SPC:DF_NMDI_POP(1.0),National Minimum Development Indicators (NMDI) for Population,I,A,Annual,MH,Marshall Islands,NMDI0002,Population growth (%),_T,Total,_T,All ages,_T,National,_T,No breakdown by disability,_Z,Not applicable,2003,,0.42,,PERCENT,percent,,,E,Estimated value,,,Population projections (PDH.Stat),
DATAFLOW,SPC:DF_NMDI_POP(1.0),National Minimum Development Indicators (NMDI) for Population,I,A,Annual,MH,Marshall Islands,NMDI0002,Population growth (%),_T,Total,_T,All ages,_T,National,_T,No breakdown by disability,_Z,Not applicable,2004,,0.29,,PERCENT,percent,,,E,Estimated value,,,Population projections (PDH.Stat),
DATAFLOW,SPC:DF_NMDI_POP(1.0),National Minimum Development Indicators (NMDI) for Population,I,A,Annual,MH,Marshall Islands,NMDI0002,Population growth (%),_T,Total,_T,All ages,_T,National,_T,No breakdown by disability,_Z,Not applicable,2005,,0.23,,PERCENT,percent,,,E,Estimated value,,,Population projections (PDH.Stat),
DATAFLOW,SPC:DF_NMDI_POP(1.0),National Minimum Development Indicators (NMDI) for Population,I,A,Annual,MH,Marshall Islands,NMDI0002,Population growth (%),_T,Total,_T,All ages,_T,National,_T,No breakdown by disability,_Z,Not applicable,2006,,0.16,,PERCENT,percent,,,E,Estimated value,,,Population projections (PDH.Stat),
DATAFLOW,SPC:DF_NMDI_POP(1.0),National Minimum Development Indicators (NMDI) for Population,I,A,Annual,MH,Marshall Islands,NMDI0002,Population growth (%),_T,Total,_T,All ages,_T,National,_T,No breakdown by disability,_Z,Not applicable,2007,,0.08,,PERCENT,percent,,,E,Estimated value,,,Population projections (PDH.Stat),
DATAFLOW,SPC:DF_NMDI_POP(1.0),National Minimum Development Indicators (NMDI) for Population,I,A,Annual,MH,Marshall Islands,NMDI0002,Population growth (%),_T,Total,_T,All ages,_T,National,_T,No breakdown by disability,_Z,Not applicable,2008,,-0.02,,PERCENT,percent,,,E,Estimated value,,,Population projections (PDH.Stat),
DATAFLOW,SPC:DF_NMDI_POP(1.0),National Minimum Development Indicators (NMDI) for Population,I,A,Annual,MH,Marshall Islands,NMDI0002,Population growth (%),_T,Total,_T,All ages,_T,National,_T,No breakdown by disability,_Z,Not applicable,2009,,-0.02,,PERCENT,percent,,,E,Estimated value,,,Population projections (PDH.Stat),
DATAFLOW,SPC:DF_NMDI_POP(1.0),National Minimum Development Indicators (NMDI) for Population,I,A,Annual,MH,Marshall Islands,NMDI0002,Population growth (%),_T,Total,_T,All ages,_T,National,_T,No breakdown by disability,_Z,Not applicable,2010,,0.06,,PERCENT,percent,,,E,Estimated value,,,Population projections (PDH.Stat),
DATAFLOW,SPC:DF_NMDI_POP(1.0),National Minimum Development Indicators (NMDI) for Population,I,A,Annual,MH,Marshall Islands,NMDI0002,Population growth (%),_T,Total,_T,All ages,_T,National,_T,No breakdown by disability,_Z,Not applicable,2011,,-0.27,,PERCENT,percent,,,E,Estimated value,,,Population projections (PDH.Stat),
DATAFLOW,SPC:DF_NMDI_POP(1.0),National Minimum Development Indicators (NMDI) for Population,I,A,Annual,MH,Marshall Islands,NMDI0002,Population growth (%),_T,Total,_T,All ages,_T,National,_T,No breakdown by disability,_Z,Not applicable,2012,,-0.94,,PERCENT,percent,,,E,Estimated value,,,Population projections (PDH.Stat),
DATAFLOW,SPC:DF_NMDI_POP(1.0),National Minimum Development Indicators (NMDI) for Population,I,A,Annual,MH,Marshall Islands,NMDI0002,Population growth (%),_T,Total,_T,All ages,_T,National,_T,No breakdown by disability,_Z,Not applicable,2013,,-1.42,,PERCENT,percent,,,E,Estimated value,,,Population projections (PDH.Stat),
DATAFLOW,SPC:DF_NMDI_POP(1.0),National Minimum Development Indicators (NMDI) for Population,I,A,Annual,MH,Marshall Islands,NMDI0002,Population growth (%),_T,Total,_T,All ages,_T,National,_T,No breakdown by disability,_Z,Not applicable,2014,,-1.76,,PERCENT,percent,,,E,Estimated value,,,Population projections (PDH.Stat),
DATAFLOW,SPC:DF_NMDI_POP(1.0),National Minimum Development Indicators (NMDI) for Population,I,A,Annual,MH,Marshall Islands,NMDI0002,Population growth (%),_T,Total,_T,All ages,_T,National,_T,No breakdown by disability,_Z,Not applicable,2015,,-1.99,,PERCENT,percent,,,E,Estimated value,,,Population projections (PDH.Stat),
DATAFLOW,SPC:DF_NMDI_POP(1.0),National Minimum Development Indicators (NMDI) for Population,I,A,Annual,MH,Marshall Islands,NMDI0002,Population growth (%),_T,Total,_T,All ages,_T,National,_T,No breakdown by disability,_Z,Not applicable,2016,,-2.23,,PERCENT,percent,,,E,Estimated value,,,Population projections (PDH.Stat),
DATAFLOW,SPC:DF_NMDI_POP(1.0),National Minimum Development Indicators (NMDI) for Population,I,A,Annual,MH,Marshall Islands,NMDI0002,Population growth (%),_T,Total,_T,All ages,_T,National,_T,No breakdown by disability,_Z,Not applicable,2017,,-2.47,,PERCENT,percent,,,E,Estimated value,,,Population projections (PDH.Stat),
DATAFLOW,SPC:DF_NMDI_POP(1.0),National Minimum Development Indicators (NMDI) for Population,I,A,Annual,MH,Marshall Islands,NMDI0002,Population growth (%),_T,Total,_T,All ages,_T,National,_T,No breakdown by disability,_Z,Not applicable,2018,,-2.68,,PERCENT,percent,,,E,Estimated value,,,Population projections (PDH.Stat),
DATAFLOW,SPC:DF_NMDI_POP(1.0),National Minimum Development Indicators (NMDI) for Population,I,A,Annual,MH,Marshall Islands,NMDI0002,Population growth (%),_T,Total,_T,All ages,_T,National,_T,No breakdown by disability,_Z,Not applicable,2019,,-2.82,,PERCENT,percent,,,E,Estimated value,,,Population projections (PDH.Stat),
DATAFLOW,SPC:DF_NMDI_POP(1.0),National Minimum Development Indicators (NMDI) for Population,I,A,Annual,MH,Marshall Islands,NMDI0002,Population growth (%),_T,Total,_T,All ages,_T,National,_T,No breakdown by disability,_Z,Not applicable,2020,,-2.96,,PERCENT,percent,,,E,Estimated value,,,Population projections (PDH.Stat),
DATAFLOW,SPC:DF_NMDI_POP(1.0),National Minimum Development Indicators (NMDI) for Population,I,A,Annual,MH,Marshall Islands,NMDI0002,Population growth (%),_T,Total,_T,All ages,_T,National,_T,No breakdown by disability,_Z,Not applicable,2021,,-3.1,,PERCENT,percent,,,E,Estimated value,,,Population projections (PDH.Stat),
DATAFLOW,SPC:DF_NMDI_POP(1.0),National Minimum Development Indicators (NMDI) for Population,I,A,Annual,MH,Marshall Islands,NMDI0002,Population growth (%),_T,Total,_T,All ages,_T,National,_T,No breakdown by disability,_Z,Not applicable,2022,,-3.13,,PERCENT,percent,,,E,Estimated value,,,Population projections (PDH.Stat),
DATAFLOW,SPC:DF_NMDI_POP(1.0),National Minimum Development Indicators (NMDI) for Population,I,A,Annual,MH,Marshall Islands,NMDI0002,Population growth (%),_T,Total,_T,All ages,_T,National,_T,No breakdown by disability,_Z,Not applicable,2023,,-3.12,,PERCENT,percent,,,E,Estimated value,,,Population projections (PDH.Stat),
DATAFLOW,SPC:DF_NMDI_POP(1.0),National Minimum Development Indicators (NMDI) for Population,I,A,Annual,MH,Marshall Islands,NMDI0002,Population growth (%),_T,Total,_T,All ages,_T,National,_T,No breakdown by disability,_Z,Not applicable,2024,,-1.78,,PERCENT,percent,,,E,Estimated value,,,Population projections (PDH.Stat),
DATAFLOW,SPC:DF_NMDI_POP(1.0),National Minimum Development Indicators (NMDI) for Population,I,A,Annual,MH,Marshall Islands,NMDI0002,Population growth (%),_T,Total,_T,All ages,_T,National,_T,No breakdown by disability,_Z,Not applicable,2025,,-3.32,,PERCENT,percent,,,E,Estimated value,,,Population projections (PDH.Stat),
DATAFLOW,SPC:DF_NMDI_POP(1.0),National Minimum Development Indicators (NMDI) for Population,I,A,Annual,SB,Solomon Islands,NMDI0002,Population growth (%),_T,Total,_T,All ages,_T,National,_T,No breakdown by disability,_Z,Not applicable,1990,,3.16,,PERCENT,percent,,,E,Estimated value,,,Population projections (PDH.Stat),
DATAFLOW,SPC:DF_NMDI_POP(1.0),National Minimum Development Indicators (NMDI) for Population,I,A,Annual,SB,Solomon Islands,NMDI0002,Population growth (%),_T,Total,_T,All ages,_T,National,_T,No breakdown by disability,_Z,Not applicable,1991,,3.11,,PERCENT,percent,,,E,Estimated value,,,Population projections (PDH.Stat),
DATAFLOW,SPC:DF_NMDI_POP(1.0),National Minimum Development Indicators (NMDI) for Population,I,A,Annual,SB,Solomon Islands,NMDI0002,Population growth (%),_T,Total,_T,All ages,_T,National,_T,No breakdown by disability,_Z,Not applicable,1992,,3.07,,PERCENT,percent,,,E,Estimated value,,,Population projections (PDH.Stat),
DATAFLOW,SPC:DF_NMDI_POP(1.0),National Minimum Development Indicators (NMDI) for Population,I,A,Annual,SB,Solomon Islands,NMDI0002,Population growth (%),_T,Total,_T,All ages,_T,National,_T,No breakdown by disability,_Z,Not applicable,1993,,3.02,,PERCENT,percent,,,E,Estimated value,,,Population projections (PDH.Stat),
DATAFLOW,SPC:DF_NMDI_POP(1.0),National Minimum Development Indicators (NMDI) for Population,I,A,Annual,SB,Solomon Islands,NMDI0002,Population growth (%),_T,Total,_T,All ages,_T,National,_T,No breakdown by disability,_Z,Not applicable,1994,,2.99,,PERCENT,percent,,,E,Estimated value,,,Population projections (PDH.Stat),
DATAFLOW,SPC:DF_NMDI_POP(1.0),National Minimum Development Indicators (NMDI) for Population,I,A,Annual,SB,Solomon Islands,NMDI0002,Population growth (%),_T,Total,_T,All ages,_T,National,_T,No breakdown by disability,_Z,Not applicable,1995,,2.96,,PERCENT,percent,,,E,Estimated value,,,Population projections (PDH.Stat),
DATAFLOW,SPC:DF_NMDI_POP(1.0),National Minimum Development Indicators (NMDI) for Population,I,A,Annual,SB,Solomon Islands,NMDI0002,Population growth (%),_T,Total,_T,All ages,_T,National,_T,No breakdown by disability,_Z,Not applicable,1996,,2.93,,PERCENT,percent,,,E,Estimated value,,,Population projections (PDH.Stat),
DATAFLOW,SPC:DF_NMDI_POP(1.0),National Minimum Development Indicators (NMDI) for Population,I,A,Annual,SB,Solomon Islands,NMDI0002,Population growth (%),_T,Total,_T,All ages,_T,National,_T,No breakdown by disability,_Z,Not applicable,1997,,2.9,,PERCENT,percent,,,E,Estimated value,,,Population projections (PDH.Stat),
DATAFLOW,SPC:DF_NMDI_POP(1.0),National Minimum Development Indicators (NMDI) for Population,I,A,Annual,SB,Solomon Islands,NMDI0002,Population growth (%),_T,Total,_T,All ages,_T,National,_T,No breakdown by disability,_Z,Not applicable,1998,,2.84,,PERCENT,percent,,,E,Estimated value,,,Population projections (PDH.Stat),
DATAFLOW,SPC:DF_NMDI_POP(1.0),National Minimum Development Indicators (NMDI) for Population,I,A,Annual,SB,Solomon Islands,NMDI0002,Population growth (%),_T,Total,_T,All ages,_T,National,_T,No breakdown by disability,_Z,Not applicable,1999,,2.73,,PERCENT,percent,,,E,Estimated value,,,Population projections (PDH.Stat),
DATAFLOW,SPC:DF_NMDI_POP(1.0),National Minimum Development Indicators (NMDI) for Population,I,A,Annual,SB,Solomon Islands,NMDI0002,Population growth (%),_T,Total,_T,All ages,_T,National,_T,No breakdown by disability,_Z,Not applicable,2000,,2.31,,PERCENT,percent,,,E,Estimated value,,,Population projections (PDH.Stat),
DATAFLOW,SPC:DF_NMDI_POP(1.0),National Minimum Development Indicators (NMDI) for Population,I,A,Annual,SB,Solomon Islands,NMDI0002,Population growth (%),_T,Total,_T,All ages,_T,National,_T,No breakdown by disability,_Z,Not applicable,2001,,1.97,,PERCENT,percent,,,E,Estimated value,,,Population projections (PDH.Stat),
DATAFLOW,SPC:DF_NMDI_POP(1.0),National Minimum Development Indicators (NMDI) for Population,I,A,Annual,SB,Solomon Islands,NMDI0002,Population growth (%),_T,Total,_T,All ages,_T,National,_T,No breakdown by disability,_Z,Not applicable,2002,,1.9,,PERCENT,percent,,,E,Estimated value,,,Population projections (PDH.Stat),
DATAFLOW,SPC:DF_NMDI_POP(1.0),National Minimum Development Indicators (NMDI) for Population,I,A,Annual,SB,Solomon Islands,NMDI0002,Population growth (%),_T,Total,_T,All ages,_T,National,_T,No breakdown by disability,_Z,Not applicable,2003,,1.85,,PERCENT,percent,,,E,Estimated value,,,Population projections (PDH.Stat),
DATAFLOW,SPC:DF_NMDI_POP(1.0),National Minimum Development Indicators (NMDI) for Population,I,A,Annual,SB,Solomon Islands,NMDI0002,Population growth (%),_T,Total,_T,All ages,_T,National,_T,No breakdown by disability,_Z,Not applicable,2004,,1.81,,PERCENT,percent,,,E,Estimated value,,,Population projections (PDH.Stat),
DATAFLOW,SPC:DF_NMDI_POP(1.0),National Minimum Development Indicators (NMDI) for Population,I,A,Annual,SB,Solomon Islands,NMDI0002,Population growth (%),_T,Total,_T,All ages,_T,National,_T,No breakdown by disability,_Z,Not applicable,2005,,1.79,,PERCENT,percent,,,E,Estimated value,,,Population projections (PDH.Stat),
DATAFLOW,SPC:DF_NMDI_POP(1.0),National Minimum Development Indicators (NMDI) for Population,I,A,Annual,SB,Solomon Islands,NMDI0002,Population growth (%),_T,Total,_T,All ages,_T,National,_T,No breakdown by disability,_Z,Not applicable,2006,,1.76,,PERCENT,percent,,,E,Estimated value,,,Population projections (PDH.Stat),
DATAFLOW,SPC:DF_NMDI_POP(1.0),National Minimum Development Indicators (NMDI) for Population,I,A,Annual,SB,Solomon Islands,NMDI0002,Population growth (%),_T,Total,_T,All ages,_T,National,_T,No breakdown by disability,_Z,Not applicable,2007,,1.74,,PERCENT,percent,,,E,Estimated value,,,Population projections (PDH.Stat),
DATAFLOW,SPC:DF_NMDI_POP(1.0),National Minimum Development Indicators (NMDI) for Population,I,A,Annual,SB,Solomon Islands,NMDI0002,Population growth (%),_T,Total,_T,All ages,_T,National,_T,No breakdown by disability,_Z,Not applicable,2008,,1.73,,PERCENT,percent,,,E,Estimated value,,,Population projections (PDH.Stat),
DATAFLOW,SPC:DF_NMDI_POP(1.0),National Minimum Development Indicators (NMDI) for Population,I,A,Annual,SB,Solomon Islands,NMDI0002,Population growth (%),_T,Total,_T,All ages,_T,National,_T,No breakdown by disability,_Z,Not applicable,2009,,1.84,,PERCENT,percent,,,E,Estimated value,,,Population projections (PDH.Stat),
DATAFLOW,SPC:DF_NMDI_POP(1.0),National Minimum Development Indicators (NMDI) for Population,I,A,Annual,SB,Solomon Islands,NMDI0002,Population growth (%),_T,Total,_T,All ages,_T,National,_T,No breakdown by disability,_Z,Not applicable,2010,,2.86,,PERCENT,percent,,,E,Estimated value,,,Population projections (PDH.Stat),
DATAFLOW,SPC:DF_NMDI_POP(1.0),National Minimum Development Indicators (NMDI) for Population,I,A,Annual,SB,Solomon Islands,NMDI0002,Population growth (%),_T,Total,_T,All ages,_T,National,_T,No breakdown by disability,_Z,Not applicable,2011,,3.75,,PERCENT,percent,,,E,Estimated value,,,Population projections (PDH.Stat),
DATAFLOW,SPC:DF_NMDI_POP(1.0),National Minimum Development Indicators (NMDI) for Population,I,A,Annual,SB,Solomon Islands,NMDI0002,Population growth (%),_T,Total,_T,All ages,_T,National,_T,No breakdown by disability,_Z,Not applicable,2012,,3.73,,PERCENT,percent,,,E,Estimated value,,,Population projections (PDH.Stat),
DATAFLOW,SPC:DF_NMDI_POP(1.0),National Minimum Development Indicators (NMDI) for Population,I,A,Annual,SB,Solomon Islands,NMDI0002,Population growth (%),_T,Total,_T,All ages,_T,National,_T,No breakdown by disability,_Z,Not applicable,2013,,3.72,,PERCENT,percent,,,E,Estimated value,,,Population projections (PDH.Stat),
DATAFLOW,SPC:DF_NMDI_POP(1.0),National Minimum Development Indicators (NMDI) for Population,I,A,Annual,SB,Solomon Islands,NMDI0002,Population growth (%),_T,Total,_T,All ages,_T,National,_T,No breakdown by disability,_Z,Not applicable,2014,,3.69,,PERCENT,percent,,,E,Estimated value,,,Population projections (PDH.Stat),
DATAFLOW,SPC:DF_NMDI_POP(1.0),National Minimum Development Indicators (NMDI) for Population,I,A,Annual,SB,Solomon Islands,NMDI0002,Population growth (%),_T,Total,_T,All ages,_T,National,_T,No breakdown by disability,_Z,Not applicable,2015,,3.65,,PERCENT,percent,,,E,Estimated value,,,Population projections (PDH.Stat),
DATAFLOW,SPC:DF_NMDI_POP(1.0),National Minimum Development Indicators (NMDI) for Population,I,A,Annual,SB,Solomon Islands,NMDI0002,Population growth (%),_T,Total,_T,All ages,_T,National,_T,No breakdown by disability,_Z,Not applicable,2016,,3.59,,PERCENT,percent,,,E,Estimated value,,,Population projections (PDH.Stat),
DATAFLOW,SPC:DF_NMDI_POP(1.0),National Minimum Development Indicators (NMDI) for Population,I,A,Annual,SB,Solomon Islands,NMDI0002,Population growth (%),_T,Total,_T,All ages,_T,National,_T,No breakdown by disability,_Z,Not applicable,2017,,3.52,,PERCENT,percent,,,E,Estimated value,,,Population projections (PDH.Stat),
DATAFLOW,SPC:DF_NMDI_POP(1.0),National Minimum Development Indicators (NMDI) for Population,I,A,Annual,SB,Solomon Islands,NMDI0002,Population growth (%),_T,Total,_T,All ages,_T,National,_T,No breakdown by disability,_Z,Not applicable,2018,,3.42,,PERCENT,percent,,,E,Estimated value,,,Population projections (PDH.Stat),
DATAFLOW,SPC:DF_NMDI_POP(1.0),National Minimum Development Indicators (NMDI) for Population,I,A,Annual,SB,Solomon Islands,NMDI0002,Population growth (%),_T,Total,_T,All ages,_T,National,_T,No breakdown by disability,_Z,Not applicable,2019,,2.69,,PERCENT,percent,,,E,Estimated value,,,Population projections (PDH.Stat),
DATAFLOW,SPC:DF_NMDI_POP(1.0),National Minimum Development Indicators (NMDI) for Population,I,A,Annual,SB,Solomon Islands,NMDI0002,Population growth (%),_T,Total,_T,All ages,_T,National,_T,No breakdown by disability,_Z,Not applicable,2020,,2.24,,PERCENT,percent,,,E,Estimated value,,,Population projections (PDH.Stat),
DATAFLOW,SPC:DF_NMDI_POP(1.0),National Minimum Development Indicators (NMDI) for Population,I,A,Annual,SB,Solomon Islands,NMDI0002,Population growth (%),_T,Total,_T,All ages,_T,National,_T,No breakdown by disability,_Z,Not applicable,2021,,2.43,,PERCENT,percent,,,E,Estimated value,,,Population projections (PDH.Stat),
DATAFLOW,SPC:DF_NMDI_POP(1.0),National Minimum Development Indicators (NMDI) for Population,I,A,Annual,SB,Solomon Islands,NMDI0002,Population growth (%),_T,Total,_T,All ages,_T,National,_T,No breakdown by disability,_Z,Not applicable,2022,,2.42,,PERCENT,percent,,,E,Estimated value,,,Population projections (PDH.Stat),
DATAFLOW,SPC:DF_NMDI_POP(1.0),National Minimum Development Indicators (NMDI) for Population,I,A,Annual,SB,Solomon Islands,NMDI0002,Population growth (%),_T,Total,_T,All ages,_T,National,_T,No breakdown by disability,_Z,Not applicable,2023,,2.42,,PERCENT,percent,,,E,Estimated value,,,Population projections (PDH.Stat),
DATAFLOW,SPC:DF_NMDI_POP(1.0),National Minimum Development Indicators (NMDI) for Population,I,A,Annual,SB,Solomon Islands,NMDI0002,Population growth (%),_T,Total,_T,All ages,_T,National,_T,No breakdown by disability,_Z,Not applicable,2024,,1.19,,PERCENT,percent,,,E,Estimated value,,,Population projections (PDH.Stat),
DATAFLOW,SPC:DF_NMDI_POP(1.0),National Minimum Development Indicators (NMDI) for Population,I,A,Annual,SB,Solomon Islands,NMDI0002,Population growth (%),_T,Total,_T,All ages,_T,National,_T,No breakdown by disability,_Z,Not applicable,2025,,2.39,,PERCENT,percent,,,E,Estimated value,,,Population projections (PDH.Stat),
DATAFLOW,SPC:DF_NMDI_POP(1.0),National Minimum Development Indicators (NMDI) for Population,I,A,Annual,PN,Pitcairn,NMDI0002,Population growth (%),_T,Total,_T,All ages,_T,National,_T,No breakdown by disability,_Z,Not applicable,1990,,7.27,,PERCENT,percent,,,E,Estimated value,,,Population projections (PDH.Stat),
DATAFLOW,SPC:DF_NMDI_POP(1.0),National Minimum Development Indicators (NMDI) for Population,I,A,Annual,PN,Pitcairn,NMDI0002,Population growth (%),_T,Total,_T,All ages,_T,National,_T,No breakdown by disability,_Z,Not applicable,1991,,11.86,,PERCENT,percent,,,E,Estimated value,,,Population projections (PDH.Stat),
DATAFLOW,SPC:DF_NMDI_POP(1.0),National Minimum Development Indicators (NMDI) for Population,I,A,Annual,PN,Pitcairn,NMDI0002,Population growth (%),_T,Total,_T,All ages,_T,National,_T,No breakdown by disability,_Z,Not applicable,1992,,-18.18,,PERCENT,percent,,,E,Estimated value,,,Population projections (PDH.Stat),
DATAFLOW,SPC:DF_NMDI_POP(1.0),National Minimum Development Indicators (NMDI) for Population,I,A,Annual,PN,Pitcairn,NMDI0002,Population growth (%),_T,Total,_T,All ages,_T,National,_T,No breakdown by disability,_Z,Not applicable,1993,,5.56,,PERCENT,percent,,,E,Estimated value,,,Population projections (PDH.Stat),
DATAFLOW,SPC:DF_NMDI_POP(1.0),National Minimum Development Indicators (NMDI) for Population,I,A,Annual,PN,Pitcairn,NMDI0002,Population growth (%),_T,Total,_T,All ages,_T,National,_T,No breakdown by disability,_Z,Not applicable,1994,,-5.26,,PERCENT,percent,,,E,Estimated value,,,Population projections (PDH.Stat),
DATAFLOW,SPC:DF_NMDI_POP(1.0),National Minimum Development Indicators (NMDI) for Population,I,A,Annual,PN,Pitcairn,NMDI0002,Population growth (%),_T,Total,_T,All ages,_T,National,_T,No breakdown by disability,_Z,Not applicable,1995,,1.85,,PERCENT,percent,,,E,Estimated value,,,Population projections (PDH.Stat),
DATAFLOW,SPC:DF_NMDI_POP(1.0),National Minimum Development Indicators (NMDI) for Population,I,A,Annual,PN,Pitcairn,NMDI0002,Population growth (%),_T,Total,_T,All ages,_T,National,_T,No breakdown by disability,_Z,Not applicable,1996,,-21.82,,PERCENT,percent,,,E,Estimated value,,,Population projections (PDH.Stat),
DATAFLOW,SPC:DF_NMDI_POP(1.0),National Minimum Development Indicators (NMDI) for Population,I,A,Annual,PN,Pitcairn,NMDI0002,Population growth (%),_T,Total,_T,All ages,_T,National,_T,No breakdown by disability,_Z,Not applicable,1997,,-6.98,,PERCENT,percent,,,E,Estimated value,,,Population projections (PDH.Stat),
DATAFLOW,SPC:DF_NMDI_POP(1.0),National Minimum Development Indicators (NMDI) for Population,I,A,Annual,PN,Pitcairn,NMDI0002,Population growth (%),_T,Total,_T,All ages,_T,National,_T,No breakdown by disability,_Z,Not applicable,1998,,65,,PERCENT,percent,,,E,Estimated value,,,Population projections (PDH.Stat),
DATAFLOW,SPC:DF_NMDI_POP(1.0),National Minimum Development Indicators (NMDI) for Population,I,A,Annual,PN,Pitcairn,NMDI0002,Population growth (%),_T,Total,_T,All ages,_T,National,_T,No breakdown by disability,_Z,Not applicable,1999,,-30.3,,PERCENT,percent,,,E,Estimated value,,,Population projections (PDH.Stat),
DATAFLOW,SPC:DF_NMDI_POP(1.0),National Minimum Development Indicators (NMDI) for Population,I,A,Annual,PN,Pitcairn,NMDI0002,Population growth (%),_T,Total,_T,All ages,_T,National,_T,No breakdown by disability,_Z,Not applicable,2000,,10.87,,PERCENT,percent,,,E,Estimated value,,,Population projections (PDH.Stat),
DATAFLOW,SPC:DF_NMDI_POP(1.0),National Minimum Development Indicators (NMDI) for Population,I,A,Annual,PN,Pitcairn,NMDI0002,Population growth (%),_T,Total,_T,All ages,_T,National,_T,No breakdown by disability,_Z,Not applicable,2001,,-13.73,,PERCENT,percent,,,E,Estimated value,,,Population projections (PDH.Stat),
DATAFLOW,SPC:DF_NMDI_POP(1.0),National Minimum Development Indicators (NMDI) for Population,I,A,Annual,PN,Pitcairn,NMDI0002,Population growth (%),_T,Total,_T,All ages,_T,National,_T,No breakdown by disability,_Z,Not applicable,2002,,9.09,,PERCENT,percent,,,E,Estimated value,,,Population projections (PDH.Stat),
DATAFLOW,SPC:DF_NMDI_POP(1.0),National Minimum Development Indicators (NMDI) for Population,I,A,Annual,PN,Pitcairn,NMDI0002,Population growth (%),_T,Total,_T,All ages,_T,National,_T,No breakdown by disability,_Z,Not applicable,2003,,22.92,,PERCENT,percent,,,E,Estimated value,,,Population projections (PDH.Stat),
DATAFLOW,SPC:DF_NMDI_POP(1.0),National Minimum Development Indicators (NMDI) for Population,I,A,Annual,PN,Pitcairn,NMDI0002,Population growth (%),_T,Total,_T,All ages,_T,National,_T,No breakdown by disability,_Z,Not applicable,2004,,3.39,,PERCENT,percent,,,E,Estimated value,,,Population projections (PDH.Stat),
DATAFLOW,SPC:DF_NMDI_POP(1.0),National Minimum Development Indicators (NMDI) for Population,I,A,Annual,PN,Pitcairn,NMDI0002,Population growth (%),_T,Total,_T,All ages,_T,National,_T,No breakdown by disability,_Z,Not applicable,2005,,3.28,,PERCENT,percent,,,E,Estimated value,,,Population projections (PDH.Stat),
DATAFLOW,SPC:DF_NMDI_POP(1.0),National Minimum Development Indicators (NMDI) for Population,I,A,Annual,PN,Pitcairn,NMDI0002,Population growth (%),_T,Total,_T,All ages,_T,National,_T,No breakdown by disability,_Z,Not applicable,2006,,3.17,,PERCENT,percent,,,E,Estimated value,,,Population projections (PDH.Stat),
DATAFLOW,SPC:DF_NMDI_POP(1.0),National Minimum Development Indicators (NMDI) for Population,I,A,Annual,PN,Pitcairn,NMDI0002,Population growth (%),_T,Total,_T,All ages,_T,National,_T,No breakdown by disability,_Z,Not applicable,2007,,-1.54,,PERCENT,percent,,,E,Estimated value,,,Population projections (PDH.Stat),
DATAFLOW,SPC:DF_NMDI_POP(1.0),National Minimum Development Indicators (NMDI) for Population,I,A,Annual,PN,Pitcairn,NMDI0002,Population growth (%),_T,Total,_T,All ages,_T,National,_T,No breakdown by disability,_Z,Not applicable,2008,,3.12,,PERCENT,percent,,,E,Estimated value,,,Population projections (PDH.Stat),
DATAFLOW,SPC:DF_NMDI_POP(1.0),National Minimum Development Indicators (NMDI) for Population,I,A,Annual,PN,Pitcairn,NMDI0002,Population growth (%),_T,Total,_T,All ages,_T,National,_T,No breakdown by disability,_Z,Not applicable,2009,,-3.03,,PERCENT,percent,,,E,Estimated value,,,Population projections (PDH.Stat),
DATAFLOW,SPC:DF_NMDI_POP(1.0),National Minimum Development Indicators (NMDI) for Population,I,A,Annual,PN,Pitcairn,NMDI0002,Population growth (%),_T,Total,_T,All ages,_T,National,_T,No breakdown by disability,_Z,Not applicable,2010,,-3.12,,PERCENT,percent,,,E,Estimated value,,,Population projections (PDH.Stat),
DATAFLOW,SPC:DF_NMDI_POP(1.0),National Minimum Development Indicators (NMDI) for Population,I,A,Annual,PN,Pitcairn,NMDI0002,Population growth (%),_T,Total,_T,All ages,_T,National,_T,No breakdown by disability,_Z,Not applicable,2011,,-3.23,,PERCENT,percent,,,E,Estimated value,,,Population projections (PDH.Stat),
DATAFLOW,SPC:DF_NMDI_POP(1.0),National Minimum Development Indicators (NMDI) for Population,I,A,Annual,PN,Pitcairn,NMDI0002,Population growth (%),_T,Total,_T,All ages,_T,National,_T,No breakdown by disability,_Z,Not applicable,2012,,-5,,PERCENT,percent,,,E,Estimated value,,,Population projections (PDH.Stat),
DATAFLOW,SPC:DF_NMDI_POP(1.0),National Minimum Development Indicators (NMDI) for Population,I,A,Annual,PN,Pitcairn,NMDI0002,Population growth (%),_T,Total,_T,All ages,_T,National,_T,No breakdown by disability,_Z,Not applicable,2013,,-5.26,,PERCENT,percent,,,E,Estimated value,,,Population projections (PDH.Stat),
DATAFLOW,SPC:DF_NMDI_POP(1.0),National Minimum Development Indicators (NMDI) for Population,I,A,Annual,PN,Pitcairn,NMDI0002,Population growth (%),_T,Total,_T,All ages,_T,National,_T,No breakdown by disability,_Z,Not applicable,2014,,-5.56,,PERCENT,percent,,,E,Estimated value,,,Population projections (PDH.Stat),
DATAFLOW,SPC:DF_NMDI_POP(1.0),National Minimum Development Indicators (NMDI) for Population,I,A,Annual,PN,Pitcairn,NMDI0002,Population growth (%),_T,Total,_T,All ages,_T,National,_T,No breakdown by disability,_Z,Not applicable,2015,,0,,PERCENT,percent,,,E,Estimated value,,,Population projections (PDH.Stat),
DATAFLOW,SPC:DF_NMDI_POP(1.0),National Minimum Development Indicators (NMDI) for Population,I,A,Annual,PN,Pitcairn,NMDI0002,Population growth (%),_T,Total,_T,All ages,_T,National,_T,No breakdown by disability,_Z,Not applicable,2016,,0,,PERCENT,percent,,,E,Estimated value,,,Population projections (PDH.Stat),
DATAFLOW,SPC:DF_NMDI_POP(1.0),National Minimum Development Indicators (NMDI) for Population,I,A,Annual,PN,Pitcairn,NMDI0002,Population growth (%),_T,Total,_T,All ages,_T,National,_T,No breakdown by disability,_Z,Not applicable,2017,,0,,PERCENT,percent,,,E,Estimated value,,,Population projections (PDH.Stat),
DATAFLOW,SPC:DF_NMDI_POP(1.0),National Minimum Development Indicators (NMDI) for Population,I,A,Annual,PN,Pitcairn,NMDI0002,Population growth (%),_T,Total,_T,All ages,_T,National,_T,No breakdown by disability,_Z,Not applicable,2018,,0,,PERCENT,percent,,,E,Estimated value,,,Population projections (PDH.Stat),
DATAFLOW,SPC:DF_NMDI_POP(1.0),National Minimum Development Indicators (NMDI) for Population,I,A,Annual,PN,Pitcairn,NMDI0002,Population growth (%),_T,Total,_T,All ages,_T,National,_T,No breakdown by disability,_Z,Not applicable,2019,,0,,PERCENT,percent,,,E,Estimated value,,,Population projections (PDH.Stat),
DATAFLOW,SPC:DF_NMDI_POP(1.0),National Minimum Development Indicators (NMDI) for Population,I,A,Annual,PN,Pitcairn,NMDI0002,Population growth (%),_T,Total,_T,All ages,_T,National,_T,No breakdown by disability,_Z,Not applicable,2020,,0,,PERCENT,percent,,,E,Estimated value,,,Population projections (PDH.Stat),
DATAFLOW,SPC:DF_NMDI_POP(1.0),National Minimum Development Indicators (NMDI) for Population,I,A,Annual,PN,Pitcairn,NMDI0002,Population growth (%),_T,Total,_T,All ages,_T,National,_T,No breakdown by disability,_Z,Not applicable,2021,,-1.96,,PERCENT,percent,,,E,Estimated value,,,Population projections (PDH.Stat),
DATAFLOW,SPC:DF_NMDI_POP(1.0),National Minimum Development Indicators (NMDI) for Population,I,A,Annual,PN,Pitcairn,NMDI0002,Population growth (%),_T,Total,_T,All ages,_T,National,_T,No breakdown by disability,_Z,Not applicable,2022,,0,,PERCENT,percent,,,E,Estimated value,,,Population projections (PDH.Stat),
DATAFLOW,SPC:DF_NMDI_POP(1.0),National Minimum Development Indicators (NMDI) for Population,I,A,Annual,PN,Pitcairn,NMDI0002,Population growth (%),_T,Total,_T,All ages,_T,National,_T,No breakdown by disability,_Z,Not applicable,2023,,0,,PERCENT,percent,,,E,Estimated value,,,Population projections (PDH.Stat),
DATAFLOW,SPC:DF_NMDI_POP(1.0),National Minimum Development Indicators (NMDI) for Population,I,A,Annual,PN,Pitcairn,NMDI0002,Population growth (%),_T,Total,_T,All ages,_T,National,_T,No breakdown by disability,_Z,Not applicable,2024,,0,,PERCENT,percent,,,E,Estimated value,,,Population projections (PDH.Stat),
DATAFLOW,SPC:DF_NMDI_POP(1.0),National Minimum Development Indicators (NMDI) for Population,I,A,Annual,PN,Pitcairn,NMDI0002,Population growth (%),_T,Total,_T,All ages,_T,National,_T,No breakdown by disability,_Z,Not applicable,2025,,0,,PERCENT,percent,,,E,Estimated value,,,Population projections (PDH.Stat),
DATAFLOW,SPC:DF_NMDI_POP(1.0),National Minimum Development Indicators (NMDI) for Population,I,A,Annual,TK,Tokelau,NMDI0002,Population growth (%),_T,Total,_T,All ages,_T,National,_T,No breakdown by disability,_Z,Not applicable,1990,,0.44,,PERCENT,percent,,,E,Estimated value,,,Population projections (PDH.Stat),
DATAFLOW,SPC:DF_NMDI_POP(1.0),National Minimum Development Indicators (NMDI) for Population,I,A,Annual,TK,Tokelau,NMDI0002,Population growth (%),_T,Total,_T,All ages,_T,National,_T,No breakdown by disability,_Z,Not applicable,1991,,0.06,,PERCENT,percent,,,E,Estimated value,,,Population projections (PDH.Stat),
DATAFLOW,SPC:DF_NMDI_POP(1.0),National Minimum Development Indicators (NMDI) for Population,I,A,Annual,TK,Tokelau,NMDI0002,Population growth (%),_T,Total,_T,All ages,_T,National,_T,No breakdown by disability,_Z,Not applicable,1992,,0.5,,PERCENT,percent,,,E,Estimated value,,,Population projections (PDH.Stat),
DATAFLOW,SPC:DF_NMDI_POP(1.0),National Minimum Development Indicators (NMDI) for Population,I,A,Annual,TK,Tokelau,NMDI0002,Population growth (%),_T,Total,_T,All ages,_T,National,_T,No breakdown by disability,_Z,Not applicable,1993,,-0.27,,PERCENT,percent,,,E,Estimated value,,,Population projections (PDH.Stat),
DATAFLOW,SPC:DF_NMDI_POP(1.0),National Minimum Development Indicators (NMDI) for Population,I,A,Annual,TK,Tokelau,NMDI0002,Population growth (%),_T,Total,_T,All ages,_T,National,_T,No breakdown by disability,_Z,Not applicable,1994,,-0.11,,PERCENT,percent,,,E,Estimated value,,,Population projections (PDH.Stat),
DATAFLOW,SPC:DF_NMDI_POP(1.0),National Minimum Development Indicators (NMDI) for Population,I,A,Annual,TK,Tokelau,NMDI0002,Population growth (%),_T,Total,_T,All ages,_T,National,_T,No breakdown by disability,_Z,Not applicable,1995,,-0.06,,PERCENT,percent,,,E,Estimated value,,,Population projections (PDH.Stat),
DATAFLOW,SPC:DF_NMDI_POP(1.0),National Minimum Development Indicators (NMDI) for Population,I,A,Annual,TK,Tokelau,NMDI0002,Population growth (%),_T,Total,_T,All ages,_T,National,_T,No breakdown by disability,_Z,Not applicable,1996,,0,,PERCENT,percent,,,E,Estimated value,,,Population projections (PDH.Stat),
DATAFLOW,SPC:DF_NMDI_POP(1.0),National Minimum Development Indicators (NMDI) for Population,I,A,Annual,TK,Tokelau,NMDI0002,Population growth (%),_T,Total,_T,All ages,_T,National,_T,No breakdown by disability,_Z,Not applicable,1997,,1.05,,PERCENT,percent,,,E,Estimated value,,,Population projections (PDH.Stat),
DATAFLOW,SPC:DF_NMDI_POP(1.0),National Minimum Development Indicators (NMDI) for Population,I,A,Annual,TK,Tokelau,NMDI0002,Population growth (%),_T,Total,_T,All ages,_T,National,_T,No breakdown by disability,_Z,Not applicable,1998,,0.87,,PERCENT,percent,,,E,Estimated value,,,Population projections (PDH.Stat),
DATAFLOW,SPC:DF_NMDI_POP(1.0),National Minimum Development Indicators (NMDI) for Population,I,A,Annual,TK,Tokelau,NMDI0002,Population growth (%),_T,Total,_T,All ages,_T,National,_T,No breakdown by disability,_Z,Not applicable,1999,,1.41,,PERCENT,percent,,,E,Estimated value,,,Population projections (PDH.Stat),
DATAFLOW,SPC:DF_NMDI_POP(1.0),National Minimum Development Indicators (NMDI) for Population,I,A,Annual,TK,Tokelau,NMDI0002,Population growth (%),_T,Total,_T,All ages,_T,National,_T,No breakdown by disability,_Z,Not applicable,2000,,1.18,,PERCENT,percent,,,E,Estimated value,,,Population projections (PDH.Stat),
DATAFLOW,SPC:DF_NMDI_POP(1.0),National Minimum Development Indicators (NMDI) for Population,I,A,Annual,TK,Tokelau,NMDI0002,Population growth (%),_T,Total,_T,All ages,_T,National,_T,No breakdown by disability,_Z,Not applicable,2001,,1,,PERCENT,percent,,,E,Estimated value,,,Population projections (PDH.Stat),
DATAFLOW,SPC:DF_NMDI_POP(1.0),National Minimum Development Indicators (NMDI) for Population,I,A,Annual,TK,Tokelau,NMDI0002,Population growth (%),_T,Total,_T,All ages,_T,National,_T,No breakdown by disability,_Z,Not applicable,2002,,-1.41,,PERCENT,percent,,,E,Estimated value,,,Population projections (PDH.Stat),
DATAFLOW,SPC:DF_NMDI_POP(1.0),National Minimum Development Indicators (NMDI) for Population,I,A,Annual,TK,Tokelau,NMDI0002,Population growth (%),_T,Total,_T,All ages,_T,National,_T,No breakdown by disability,_Z,Not applicable,2003,,-3.5,,PERCENT,percent,,,E,Estimated value,,,Population projections (PDH.Stat),
DATAFLOW,SPC:DF_NMDI_POP(1.0),National Minimum Development Indicators (NMDI) for Population,I,A,Annual,TK,Tokelau,NMDI0002,Population growth (%),_T,Total,_T,All ages,_T,National,_T,No breakdown by disability,_Z,Not applicable,2004,,-3.96,,PERCENT,percent,,,E,Estimated value,,,Population projections (PDH.Stat),
DATAFLOW,SPC:DF_NMDI_POP(1.0),National Minimum Development Indicators (NMDI) for Population,I,A,Annual,TK,Tokelau,NMDI0002,Population growth (%),_T,Total,_T,All ages,_T,National,_T,No breakdown by disability,_Z,Not applicable,2005,,-4.46,,PERCENT,percent,,,E,Estimated value,,,Population projections (PDH.Stat),
DATAFLOW,SPC:DF_NMDI_POP(1.0),National Minimum Development Indicators (NMDI) for Population,I,A,Annual,TK,Tokelau,NMDI0002,Population growth (%),_T,Total,_T,All ages,_T,National,_T,No breakdown by disability,_Z,Not applicable,2006,,-3.77,,PERCENT,percent,,,E,Estimated value,,,Population projections (PDH.Stat),
DATAFLOW,SPC:DF_NMDI_POP(1.0),National Minimum Development Indicators (NMDI) for Population,I,A,Annual,TK,Tokelau,NMDI0002,Population growth (%),_T,Total,_T,All ages,_T,National,_T,No breakdown by disability,_Z,Not applicable,2007,,-0.68,,PERCENT,percent,,,E,Estimated value,,,Population projections (PDH.Stat),
DATAFLOW,SPC:DF_NMDI_POP(1.0),National Minimum Development Indicators (NMDI) for Population,I,A,Annual,TK,Tokelau,NMDI0002,Population growth (%),_T,Total,_T,All ages,_T,National,_T,No breakdown by disability,_Z,Not applicable,2008,,0.44,,PERCENT,percent,,,E,Estimated value,,,Population projections (PDH.Stat),
DATAFLOW,SPC:DF_NMDI_POP(1.0),National Minimum Development Indicators (NMDI) for Population,I,A,Annual,TK,Tokelau,NMDI0002,Population growth (%),_T,Total,_T,All ages,_T,National,_T,No breakdown by disability,_Z,Not applicable,2009,,0.69,,PERCENT,percent,,,E,Estimated value,,,Population projections (PDH.Stat),
DATAFLOW,SPC:DF_NMDI_POP(1.0),National Minimum Development Indicators (NMDI) for Population,I,A,Annual,TK,Tokelau,NMDI0002,Population growth (%),_T,Total,_T,All ages,_T,National,_T,No breakdown by disability,_Z,Not applicable,2010,,0.68,,PERCENT,percent,,,E,Estimated value,,,Population projections (PDH.Stat),
DATAFLOW,SPC:DF_NMDI_POP(1.0),National Minimum Development Indicators (NMDI) for Population,I,A,Annual,TK,Tokelau,NMDI0002,Population growth (%),_T,Total,_T,All ages,_T,National,_T,No breakdown by disability,_Z,Not applicable,2011,,1.05,,PERCENT,percent,,,E,Estimated value,,,Population projections (PDH.Stat),
DATAFLOW,SPC:DF_NMDI_POP(1.0),National Minimum Development Indicators (NMDI) for Population,I,A,Annual,TK,Tokelau,NMDI0002,Population growth (%),_T,Total,_T,All ages,_T,National,_T,No breakdown by disability,_Z,Not applicable,2012,,3.41,,PERCENT,percent,,,E,Estimated value,,,Population projections (PDH.Stat),
DATAFLOW,SPC:DF_NMDI_POP(1.0),National Minimum Development Indicators (NMDI) for Population,I,A,Annual,TK,Tokelau,NMDI0002,Population growth (%),_T,Total,_T,All ages,_T,National,_T,No breakdown by disability,_Z,Not applicable,2013,,4.18,,PERCENT,percent,,,E,Estimated value,,,Population projections (PDH.Stat),
DATAFLOW,SPC:DF_NMDI_POP(1.0),National Minimum Development Indicators (NMDI) for Population,I,A,Annual,TK,Tokelau,NMDI0002,Population growth (%),_T,Total,_T,All ages,_T,National,_T,No breakdown by disability,_Z,Not applicable,2014,,0.17,,PERCENT,percent,,,E,Estimated value,,,Population projections (PDH.Stat),
DATAFLOW,SPC:DF_NMDI_POP(1.0),National Minimum Development Indicators (NMDI) for Population,I,A,Annual,TK,Tokelau,NMDI0002,Population growth (%),_T,Total,_T,All ages,_T,National,_T,No breakdown by disability,_Z,Not applicable,2015,,-1.81,,PERCENT,percent,,,E,Estimated value,,,Population projections (PDH.Stat),
DATAFLOW,SPC:DF_NMDI_POP(1.0),National Minimum Development Indicators (NMDI) for Population,I,A,Annual,TK,Tokelau,NMDI0002,Population growth (%),_T,Total,_T,All ages,_T,National,_T,No breakdown by disability,_Z,Not applicable,2016,,-1.21,,PERCENT,percent,,,E,Estimated value,,,Population projections (PDH.Stat),
DATAFLOW,SPC:DF_NMDI_POP(1.0),National Minimum Development Indicators (NMDI) for Population,I,A,Annual,TK,Tokelau,NMDI0002,Population growth (%),_T,Total,_T,All ages,_T,National,_T,No breakdown by disability,_Z,Not applicable,2017,,3.55,,PERCENT,percent,,,E,Estimated value,,,Population projections (PDH.Stat),
DATAFLOW,SPC:DF_NMDI_POP(1.0),National Minimum Development Indicators (NMDI) for Population,I,A,Annual,TK,Tokelau,NMDI0002,Population growth (%),_T,Total,_T,All ages,_T,National,_T,No breakdown by disability,_Z,Not applicable,2018,,7.53,,PERCENT,percent,,,E,Estimated value,,,Population projections (PDH.Stat),
DATAFLOW,SPC:DF_NMDI_POP(1.0),National Minimum Development Indicators (NMDI) for Population,I,A,Annual,TK,Tokelau,NMDI0002,Population growth (%),_T,Total,_T,All ages,_T,National,_T,No breakdown by disability,_Z,Not applicable,2019,,7.37,,PERCENT,percent,,,E,Estimated value,,,Population projections (PDH.Stat),
DATAFLOW,SPC:DF_NMDI_POP(1.0),National Minimum Development Indicators (NMDI) for Population,I,A,Annual,TK,Tokelau,NMDI0002,Population growth (%),_T,Total,_T,All ages,_T,National,_T,No breakdown by disability,_Z,Not applicable,2020,,5.6,,PERCENT,percent,,,E,Estimated value,,,Population projections (PDH.Stat),
DATAFLOW,SPC:DF_NMDI_POP(1.0),National Minimum Development Indicators (NMDI) for Population,I,A,Annual,TK,Tokelau,NMDI0002,Population growth (%),_T,Total,_T,All ages,_T,National,_T,No breakdown by disability,_Z,Not applicable,2021,,3.78,,PERCENT,percent,,,E,Estimated value,,,Population projections (PDH.Stat),
DATAFLOW,SPC:DF_NMDI_POP(1.0),National Minimum Development Indicators (NMDI) for Population,I,A,Annual,TK,Tokelau,NMDI0002,Population growth (%),_T,Total,_T,All ages,_T,National,_T,No breakdown by disability,_Z,Not applicable,2022,,3.46,,PERCENT,percent,,,E,Estimated value,,,Population projections (PDH.Stat),
DATAFLOW,SPC:DF_NMDI_POP(1.0),National Minimum Development Indicators (NMDI) for Population,I,A,Annual,TK,Tokelau,NMDI0002,Population growth (%),_T,Total,_T,All ages,_T,National,_T,No breakdown by disability,_Z,Not applicable,2023,,4.81,,PERCENT,percent,,,E,Estimated value,,,Population projections (PDH.Stat),
DATAFLOW,SPC:DF_NMDI_POP(1.0),National Minimum Development Indicators (NMDI) for Population,I,A,Annual,TK,Tokelau,NMDI0002,Population growth (%),_T,Total,_T,All ages,_T,National,_T,No breakdown by disability,_Z,Not applicable,2024,,0.45,,PERCENT,percent,,,E,Estimated value,,,Population projections (PDH.Stat),
DATAFLOW,SPC:DF_NMDI_POP(1.0),National Minimum Development Indicators (NMDI) for Population,I,A,Annual,TK,Tokelau,NMDI0002,Population growth (%),_T,Total,_T,All ages,_T,National,_T,No breakdown by disability,_Z,Not applicable,2025,,4.36,,PERCENT,percent,,,E,Estimated value,,,Population projections (PDH.Stat),
DATAFLOW,SPC:DF_NMDI_POP(1.0),National Minimum Development Indicators (NMDI) for Population,I,A,Annual,WF,Wallis and Futuna,NMDI0002,Population growth (%),_T,Total,_T,All ages,_T,National,_T,No breakdown by disability,_Z,Not applicable,1990,,1.05,,PERCENT,percent,,,E,Estimated value,,,Population projections (PDH.Stat),
DATAFLOW,SPC:DF_NMDI_POP(1.0),National Minimum Development Indicators (NMDI) for Population,I,A,Annual,WF,Wallis and Futuna,NMDI0002,Population growth (%),_T,Total,_T,All ages,_T,National,_T,No breakdown by disability,_Z,Not applicable,1991,,1.12,,PERCENT,percent,,,E,Estimated value,,,Population projections (PDH.Stat),
DATAFLOW,SPC:DF_NMDI_POP(1.0),National Minimum Development Indicators (NMDI) for Population,I,A,Annual,WF,Wallis and Futuna,NMDI0002,Population growth (%),_T,Total,_T,All ages,_T,National,_T,No breakdown by disability,_Z,Not applicable,1992,,1.08,,PERCENT,percent,,,E,Estimated value,,,Population projections (PDH.Stat),
DATAFLOW,SPC:DF_NMDI_POP(1.0),National Minimum Development Indicators (NMDI) for Population,I,A,Annual,WF,Wallis and Futuna,NMDI0002,Population growth (%),_T,Total,_T,All ages,_T,National,_T,No breakdown by disability,_Z,Not applicable,1993,,0.99,,PERCENT,percent,,,E,Estimated value,,,Population projections (PDH.Stat),
DATAFLOW,SPC:DF_NMDI_POP(1.0),National Minimum Development Indicators (NMDI) for Population,I,A,Annual,WF,Wallis and Futuna,NMDI0002,Population growth (%),_T,Total,_T,All ages,_T,National,_T,No breakdown by disability,_Z,Not applicable,1994,,1.05,,PERCENT,percent,,,E,Estimated value,,,Population projections (PDH.Stat),
DATAFLOW,SPC:DF_NMDI_POP(1.0),National Minimum Development Indicators (NMDI) for Population,I,A,Annual,WF,Wallis and Futuna,NMDI0002,Population growth (%),_T,Total,_T,All ages,_T,National,_T,No breakdown by disability,_Z,Not applicable,1995,,0.94,,PERCENT,percent,,,E,Estimated value,,,Population projections (PDH.Stat),
DATAFLOW,SPC:DF_NMDI_POP(1.0),National Minimum Development Indicators (NMDI) for Population,I,A,Annual,WF,Wallis and Futuna,NMDI0002,Population growth (%),_T,Total,_T,All ages,_T,National,_T,No breakdown by disability,_Z,Not applicable,1996,,0.85,,PERCENT,percent,,,E,Estimated value,,,Population projections (PDH.Stat),
DATAFLOW,SPC:DF_NMDI_POP(1.0),National Minimum Development Indicators (NMDI) for Population,I,A,Annual,WF,Wallis and Futuna,NMDI0002,Population growth (%),_T,Total,_T,All ages,_T,National,_T,No breakdown by disability,_Z,Not applicable,1997,,0.72,,PERCENT,percent,,,E,Estimated value,,,Population projections (PDH.Stat),
DATAFLOW,SPC:DF_NMDI_POP(1.0),National Minimum Development Indicators (NMDI) for Population,I,A,Annual,WF,Wallis and Futuna,NMDI0002,Population growth (%),_T,Total,_T,All ages,_T,National,_T,No breakdown by disability,_Z,Not applicable,1998,,0.77,,PERCENT,percent,,,E,Estimated value,,,Population projections (PDH.Stat),
DATAFLOW,SPC:DF_NMDI_POP(1.0),National Minimum Development Indicators (NMDI) for Population,I,A,Annual,WF,Wallis and Futuna,NMDI0002,Population growth (%),_T,Total,_T,All ages,_T,National,_T,No breakdown by disability,_Z,Not applicable,1999,,0.87,,PERCENT,percent,,,E,Estimated value,,,Population projections (PDH.Stat),
DATAFLOW,SPC:DF_NMDI_POP(1.0),National Minimum Development Indicators (NMDI) for Population,I,A,Annual,WF,Wallis and Futuna,NMDI0002,Population growth (%),_T,Total,_T,All ages,_T,National,_T,No breakdown by disability,_Z,Not applicable,2000,,0.89,,PERCENT,percent,,,E,Estimated value,,,Population projections (PDH.Stat),
DATAFLOW,SPC:DF_NMDI_POP(1.0),National Minimum Development Indicators (NMDI) for Population,I,A,Annual,WF,Wallis and Futuna,NMDI0002,Population growth (%),_T,Total,_T,All ages,_T,National,_T,No breakdown by disability,_Z,Not applicable,2001,,0.8,,PERCENT,percent,,,E,Estimated value,,,Population projections (PDH.Stat),
DATAFLOW,SPC:DF_NMDI_POP(1.0),National Minimum Development Indicators (NMDI) for Population,I,A,Annual,WF,Wallis and Futuna,NMDI0002,Population growth (%),_T,Total,_T,All ages,_T,National,_T,No breakdown by disability,_Z,Not applicable,2002,,0.82,,PERCENT,percent,,,E,Estimated value,,,Population projections (PDH.Stat),
DATAFLOW,SPC:DF_NMDI_POP(1.0),National Minimum Development Indicators (NMDI) for Population,I,A,Annual,WF,Wallis and Futuna,NMDI0002,Population growth (%),_T,Total,_T,All ages,_T,National,_T,No breakdown by disability,_Z,Not applicable,2003,,0.15,,PERCENT,percent,,,E,Estimated value,,,Population projections (PDH.Stat),
DATAFLOW,SPC:DF_NMDI_POP(1.0),National Minimum Development Indicators (NMDI) for Population,I,A,Annual,WF,Wallis and Futuna,NMDI0002,Population growth (%),_T,Total,_T,All ages,_T,National,_T,No breakdown by disability,_Z,Not applicable,2004,,-1.05,,PERCENT,percent,,,E,Estimated value,,,Population projections (PDH.Stat),
DATAFLOW,SPC:DF_NMDI_POP(1.0),National Minimum Development Indicators (NMDI) for Population,I,A,Annual,WF,Wallis and Futuna,NMDI0002,Population growth (%),_T,Total,_T,All ages,_T,National,_T,No breakdown by disability,_Z,Not applicable,2005,,-1.83,,PERCENT,percent,,,E,Estimated value,,,Population projections (PDH.Stat),
DATAFLOW,SPC:DF_NMDI_POP(1.0),National Minimum Development Indicators (NMDI) for Population,I,A,Annual,WF,Wallis and Futuna,NMDI0002,Population growth (%),_T,Total,_T,All ages,_T,National,_T,No breakdown by disability,_Z,Not applicable,2006,,-2.08,,PERCENT,percent,,,E,Estimated value,,,Population projections (PDH.Stat),
DATAFLOW,SPC:DF_NMDI_POP(1.0),National Minimum Development Indicators (NMDI) for Population,I,A,Annual,WF,Wallis and Futuna,NMDI0002,Population growth (%),_T,Total,_T,All ages,_T,National,_T,No breakdown by disability,_Z,Not applicable,2007,,-2.14,,PERCENT,percent,,,E,Estimated value,,,Population projections (PDH.Stat),
DATAFLOW,SPC:DF_NMDI_POP(1.0),National Minimum Development Indicators (NMDI) for Population,I,A,Annual,WF,Wallis and Futuna,NMDI0002,Population growth (%),_T,Total,_T,All ages,_T,National,_T,No breakdown by disability,_Z,Not applicable,2008,,-2.29,,PERCENT,percent,,,E,Estimated value,,,Population projections (PDH.Stat),
DATAFLOW,SPC:DF_NMDI_POP(1.0),National Minimum Development Indicators (NMDI) for Population,I,A,Annual,WF,Wallis and Futuna,NMDI0002,Population growth (%),_T,Total,_T,All ages,_T,National,_T,No breakdown by disability,_Z,Not applicable,2009,,-1.99,,PERCENT,percent,,,E,Estimated value,,,Population projections (PDH.Stat),
DATAFLOW,SPC:DF_NMDI_POP(1.0),National Minimum Development Indicators (NMDI) for Population,I,A,Annual,WF,Wallis and Futuna,NMDI0002,Population growth (%),_T,Total,_T,All ages,_T,National,_T,No breakdown by disability,_Z,Not applicable,2010,,-1.81,,PERCENT,percent,,,E,Estimated value,,,Population projections (PDH.Stat),
DATAFLOW,SPC:DF_NMDI_POP(1.0),National Minimum Development Indicators (NMDI) for Population,I,A,Annual,WF,Wallis and Futuna,NMDI0002,Population growth (%),_T,Total,_T,All ages,_T,National,_T,No breakdown by disability,_Z,Not applicable,2011,,-1.83,,PERCENT,percent,,,E,Estimated value,,,Population projections (PDH.Stat),
DATAFLOW,SPC:DF_NMDI_POP(1.0),National Minimum Development Indicators (NMDI) for Population,I,A,Annual,WF,Wallis and Futuna,NMDI0002,Population growth (%),_T,Total,_T,All ages,_T,National,_T,No breakdown by disability,_Z,Not applicable,2012,,-1.85,,PERCENT,percent,,,E,Estimated value,,,Population projections (PDH.Stat),
DATAFLOW,SPC:DF_NMDI_POP(1.0),National Minimum Development Indicators (NMDI) for Population,I,A,Annual,WF,Wallis and Futuna,NMDI0002,Population growth (%),_T,Total,_T,All ages,_T,National,_T,No breakdown by disability,_Z,Not applicable,2013,,-1.61,,PERCENT,percent,,,E,Estimated value,,,Population projections (PDH.Stat),
DATAFLOW,SPC:DF_NMDI_POP(1.0),National Minimum Development Indicators (NMDI) for Population,I,A,Annual,WF,Wallis and Futuna,NMDI0002,Population growth (%),_T,Total,_T,All ages,_T,National,_T,No breakdown by disability,_Z,Not applicable,2014,,-1.39,,PERCENT,percent,,,E,Estimated value,,,Population projections (PDH.Stat),
DATAFLOW,SPC:DF_NMDI_POP(1.0),National Minimum Development Indicators (NMDI) for Population,I,A,Annual,WF,Wallis and Futuna,NMDI0002,Population growth (%),_T,Total,_T,All ages,_T,National,_T,No breakdown by disability,_Z,Not applicable,2015,,-1.16,,PERCENT,percent,,,E,Estimated value,,,Population projections (PDH.Stat),
DATAFLOW,SPC:DF_NMDI_POP(1.0),National Minimum Development Indicators (NMDI) for Population,I,A,Annual,WF,Wallis and Futuna,NMDI0002,Population growth (%),_T,Total,_T,All ages,_T,National,_T,No breakdown by disability,_Z,Not applicable,2016,,-1.02,,PERCENT,percent,,,E,Estimated value,,,Population projections (PDH.Stat),
DATAFLOW,SPC:DF_NMDI_POP(1.0),National Minimum Development Indicators (NMDI) for Population,I,A,Annual,WF,Wallis and Futuna,NMDI0002,Population growth (%),_T,Total,_T,All ages,_T,National,_T,No breakdown by disability,_Z,Not applicable,2017,,-0.94,,PERCENT,percent,,,E,Estimated value,,,Population projections (PDH.Stat),
DATAFLOW,SPC:DF_NMDI_POP(1.0),National Minimum Development Indicators (NMDI) for Population,I,A,Annual,WF,Wallis and Futuna,NMDI0002,Population growth (%),_T,Total,_T,All ages,_T,National,_T,No breakdown by disability,_Z,Not applicable,2018,,-1.01,,PERCENT,percent,,,E,Estimated value,,,Population projections (PDH.Stat),
DATAFLOW,SPC:DF_NMDI_POP(1.0),National Minimum Development Indicators (NMDI) for Population,I,A,Annual,WF,Wallis and Futuna,NMDI0002,Population growth (%),_T,Total,_T,All ages,_T,National,_T,No breakdown by disability,_Z,Not applicable,2019,,-0.98,,PERCENT,percent,,,E,Estimated value,,,Population projections (PDH.Stat),
DATAFLOW,SPC:DF_NMDI_POP(1.0),National Minimum Development Indicators (NMDI) for Population,I,A,Annual,WF,Wallis and Futuna,NMDI0002,Population growth (%),_T,Total,_T,All ages,_T,National,_T,No breakdown by disability,_Z,Not applicable,2020,,-0.59,,PERCENT,percent,,,E,Estimated value,,,Population projections (PDH.Stat),
DATAFLOW,SPC:DF_NMDI_POP(1.0),National Minimum Development Indicators (NMDI) for Population,I,A,Annual,WF,Wallis and Futuna,NMDI0002,Population growth (%),_T,Total,_T,All ages,_T,National,_T,No breakdown by disability,_Z,Not applicable,2021,,-0.34,,PERCENT,percent,,,E,Estimated value,,,Population projections (PDH.Stat),
DATAFLOW,SPC:DF_NMDI_POP(1.0),National Minimum Development Indicators (NMDI) for Population,I,A,Annual,WF,Wallis and Futuna,NMDI0002,Population growth (%),_T,Total,_T,All ages,_T,National,_T,No breakdown by disability,_Z,Not applicable,2022,,-0.85,,PERCENT,percent,,,E,Estimated value,,,Population projections (PDH.Stat),
DATAFLOW,SPC:DF_NMDI_POP(1.0),National Minimum Development Indicators (NMDI) for Population,I,A,Annual,WF,Wallis and Futuna,NMDI0002,Population growth (%),_T,Total,_T,All ages,_T,National,_T,No breakdown by disability,_Z,Not applicable,2023,,-0.9,,PERCENT,percent,,,E,Estimated value,,,Population projections (PDH.Stat),
DATAFLOW,SPC:DF_NMDI_POP(1.0),National Minimum Development Indicators (NMDI) for Population,I,A,Annual,WF,Wallis and Futuna,NMDI0002,Population growth (%),_T,Total,_T,All ages,_T,National,_T,No breakdown by disability,_Z,Not applicable,2024,,-0.88,,PERCENT,percent,,,E,Estimated value,,,Population projections (PDH.Stat),
DATAFLOW,SPC:DF_NMDI_POP(1.0),National Minimum Development Indicators (NMDI) for Population,I,A,Annual,WF,Wallis and Futuna,NMDI0002,Population growth (%),_T,Total,_T,All ages,_T,National,_T,No breakdown by disability,_Z,Not applicable,2025,,-0.75,,PERCENT,percent,,,E,Estimated value,,,Population projections (PDH.Stat),
DATAFLOW,SPC:DF_NMDI_POP(1.0),National Minimum Development Indicators (NMDI) for Population,I,A,Annual,CK,Cook Islands,NMDI0002,Population growth (%),_T,Total,_T,All ages,_T,National,_T,No breakdown by disability,_Z,Not applicable,1990,,1.08,,PERCENT,percent,,,E,Estimated value,,,Population projections (PDH.Stat),
DATAFLOW,SPC:DF_NMDI_POP(1.0),National Minimum Development Indicators (NMDI) for Population,I,A,Annual,CK,Cook Islands,NMDI0002,Population growth (%),_T,Total,_T,All ages,_T,National,_T,No breakdown by disability,_Z,Not applicable,1991,,1.12,,PERCENT,percent,,,E,Estimated value,,,Population projections (PDH.Stat),
DATAFLOW,SPC:DF_NMDI_POP(1.0),National Minimum Development Indicators (NMDI) for Population,I,A,Annual,CK,Cook Islands,NMDI0002,Population growth (%),_T,Total,_T,All ages,_T,National,_T,No breakdown by disability,_Z,Not applicable,1992,,0.92,,PERCENT,percent,,,E,Estimated value,,,Population projections (PDH.Stat),
DATAFLOW,SPC:DF_NMDI_POP(1.0),National Minimum Development Indicators (NMDI) for Population,I,A,Annual,CK,Cook Islands,NMDI0002,Population growth (%),_T,Total,_T,All ages,_T,National,_T,No breakdown by disability,_Z,Not applicable,1993,,0.7,,PERCENT,percent,,,E,Estimated value,,,Population projections (PDH.Stat),
DATAFLOW,SPC:DF_NMDI_POP(1.0),National Minimum Development Indicators (NMDI) for Population,I,A,Annual,CK,Cook Islands,NMDI0002,Population growth (%),_T,Total,_T,All ages,_T,National,_T,No breakdown by disability,_Z,Not applicable,1994,,0.52,,PERCENT,percent,,,E,Estimated value,,,Population projections (PDH.Stat),
DATAFLOW,SPC:DF_NMDI_POP(1.0),National Minimum Development Indicators (NMDI) for Population,I,A,Annual,CK,Cook Islands,NMDI0002,Population growth (%),_T,Total,_T,All ages,_T,National,_T,No breakdown by disability,_Z,Not applicable,1995,,0.56,,PERCENT,percent,,,E,Estimated value,,,Population projections (PDH.Stat),
DATAFLOW,SPC:DF_NMDI_POP(1.0),National Minimum Development Indicators (NMDI) for Population,I,A,Annual,CK,Cook Islands,NMDI0002,Population growth (%),_T,Total,_T,All ages,_T,National,_T,No breakdown by disability,_Z,Not applicable,1996,,0.4,,PERCENT,percent,,,E,Estimated value,,,Population projections (PDH.Stat),
DATAFLOW,SPC:DF_NMDI_POP(1.0),National Minimum Development Indicators (NMDI) for Population,I,A,Annual,CK,Cook Islands,NMDI0002,Population growth (%),_T,Total,_T,All ages,_T,National,_T,No breakdown by disability,_Z,Not applicable,1997,,-1.3,,PERCENT,percent,,,E,Estimated value,,,Population projections (PDH.Stat),
DATAFLOW,SPC:DF_NMDI_POP(1.0),National Minimum Development Indicators (NMDI) for Population,I,A,Annual,CK,Cook Islands,NMDI0002,Population growth (%),_T,Total,_T,All ages,_T,National,_T,No breakdown by disability,_Z,Not applicable,1998,,-3.11,,PERCENT,percent,,,E,Estimated value,,,Population projections (PDH.Stat),
DATAFLOW,SPC:DF_NMDI_POP(1.0),National Minimum Development Indicators (NMDI) for Population,I,A,Annual,CK,Cook Islands,NMDI0002,Population growth (%),_T,Total,_T,All ages,_T,National,_T,No breakdown by disability,_Z,Not applicable,1999,,-3.49,,PERCENT,percent,,,E,Estimated value,,,Population projections (PDH.Stat),
DATAFLOW,SPC:DF_NMDI_POP(1.0),National Minimum Development Indicators (NMDI) for Population,I,A,Annual,CK,Cook Islands,NMDI0002,Population growth (%),_T,Total,_T,All ages,_T,National,_T,No breakdown by disability,_Z,Not applicable,2000,,-3.77,,PERCENT,percent,,,E,Estimated value,,,Population projections (PDH.Stat),
DATAFLOW,SPC:DF_NMDI_POP(1.0),National Minimum Development Indicators (NMDI) for Population,I,A,Annual,CK,Cook Islands,NMDI0002,Population growth (%),_T,Total,_T,All ages,_T,National,_T,No breakdown by disability,_Z,Not applicable,2001,,-3.87,,PERCENT,percent,,,E,Estimated value,,,Population projections (PDH.Stat),
DATAFLOW,SPC:DF_NMDI_POP(1.0),National Minimum Development Indicators (NMDI) for Population,I,A,Annual,CK,Cook Islands,NMDI0002,Population growth (%),_T,Total,_T,All ages,_T,National,_T,No breakdown by disability,_Z,Not applicable,2002,,-1.73,,PERCENT,percent,,,E,Estimated value,,,Population projections (PDH.Stat),
DATAFLOW,SPC:DF_NMDI_POP(1.0),National Minimum Development Indicators (NMDI) for Population,I,A,Annual,CK,Cook Islands,NMDI0002,Population growth (%),_T,Total,_T,All ages,_T,National,_T,No breakdown by disability,_Z,Not applicable,2003,,0.37,,PERCENT,percent,,,E,Estimated value,,,Population projections (PDH.Stat),
DATAFLOW,SPC:DF_NMDI_POP(1.0),National Minimum Development Indicators (NMDI) for Population,I,A,Annual,CK,Cook Islands,NMDI0002,Population growth (%),_T,Total,_T,All ages,_T,National,_T,No breakdown by disability,_Z,Not applicable,2004,,0.34,,PERCENT,percent,,,E,Estimated value,,,Population projections (PDH.Stat),
DATAFLOW,SPC:DF_NMDI_POP(1.0),National Minimum Development Indicators (NMDI) for Population,I,A,Annual,CK,Cook Islands,NMDI0002,Population growth (%),_T,Total,_T,All ages,_T,National,_T,No breakdown by disability,_Z,Not applicable,2005,,0.35,,PERCENT,percent,,,E,Estimated value,,,Population projections (PDH.Stat),
DATAFLOW,SPC:DF_NMDI_POP(1.0),National Minimum Development Indicators (NMDI) for Population,I,A,Annual,CK,Cook Islands,NMDI0002,Population growth (%),_T,Total,_T,All ages,_T,National,_T,No breakdown by disability,_Z,Not applicable,2006,,0.5,,PERCENT,percent,,,E,Estimated value,,,Population projections (PDH.Stat),
DATAFLOW,SPC:DF_NMDI_POP(1.0),National Minimum Development Indicators (NMDI) for Population,I,A,Annual,CK,Cook Islands,NMDI0002,Population growth (%),_T,Total,_T,All ages,_T,National,_T,No breakdown by disability,_Z,Not applicable,2007,,1.91,,PERCENT,percent,,,E,Estimated value,,,Population projections (PDH.Stat),
DATAFLOW,SPC:DF_NMDI_POP(1.0),National Minimum Development Indicators (NMDI) for Population,I,A,Annual,CK,Cook Islands,NMDI0002,Population growth (%),_T,Total,_T,All ages,_T,National,_T,No breakdown by disability,_Z,Not applicable,2008,,3.08,,PERCENT,percent,,,E,Estimated value,,,Population projections (PDH.Stat),
DATAFLOW,SPC:DF_NMDI_POP(1.0),National Minimum Development Indicators (NMDI) for Population,I,A,Annual,CK,Cook Islands,NMDI0002,Population growth (%),_T,Total,_T,All ages,_T,National,_T,No breakdown by disability,_Z,Not applicable,2009,,3.13,,PERCENT,percent,,,E,Estimated value,,,Population projections (PDH.Stat),
DATAFLOW,SPC:DF_NMDI_POP(1.0),National Minimum Development Indicators (NMDI) for Population,I,A,Annual,CK,Cook Islands,NMDI0002,Population growth (%),_T,Total,_T,All ages,_T,National,_T,No breakdown by disability,_Z,Not applicable,2010,,3.01,,PERCENT,percent,,,E,Estimated value,,,Population projections (PDH.Stat),
DATAFLOW,SPC:DF_NMDI_POP(1.0),National Minimum Development Indicators (NMDI) for Population,I,A,Annual,CK,Cook Islands,NMDI0002,Population growth (%),_T,Total,_T,All ages,_T,National,_T,No breakdown by disability,_Z,Not applicable,2011,,2.81,,PERCENT,percent,,,E,Estimated value,,,Population projections (PDH.Stat),
DATAFLOW,SPC:DF_NMDI_POP(1.0),National Minimum Development Indicators (NMDI) for Population,I,A,Annual,CK,Cook Islands,NMDI0002,Population growth (%),_T,Total,_T,All ages,_T,National,_T,No breakdown by disability,_Z,Not applicable,2012,,1.18,,PERCENT,percent,,,E,Estimated value,,,Population projections (PDH.Stat),
DATAFLOW,SPC:DF_NMDI_POP(1.0),National Minimum Development Indicators (NMDI) for Population,I,A,Annual,CK,Cook Islands,NMDI0002,Population growth (%),_T,Total,_T,All ages,_T,National,_T,No breakdown by disability,_Z,Not applicable,2013,,-0.3,,PERCENT,percent,,,E,Estimated value,,,Population projections (PDH.Stat),
DATAFLOW,SPC:DF_NMDI_POP(1.0),National Minimum Development Indicators (NMDI) for Population,I,A,Annual,CK,Cook Islands,NMDI0002,Population growth (%),_T,Total,_T,All ages,_T,National,_T,No breakdown by disability,_Z,Not applicable,2014,,-0.44,,PERCENT,percent,,,E,Estimated value,,,Population projections (PDH.Stat),
DATAFLOW,SPC:DF_NMDI_POP(1.0),National Minimum Development Indicators (NMDI) for Population,I,A,Annual,CK,Cook Islands,NMDI0002,Population growth (%),_T,Total,_T,All ages,_T,National,_T,No breakdown by disability,_Z,Not applicable,2015,,-0.48,,PERCENT,percent,,,E,Estimated value,,,Population projections (PDH.Stat),
DATAFLOW,SPC:DF_NMDI_POP(1.0),National Minimum Development Indicators (NMDI) for Population,I,A,Annual,CK,Cook Islands,NMDI0002,Population growth (%),_T,Total,_T,All ages,_T,National,_T,No breakdown by disability,_Z,Not applicable,2016,,-0.66,,PERCENT,percent,,,E,Estimated value,,,Population projections (PDH.Stat),
DATAFLOW,SPC:DF_NMDI_POP(1.0),National Minimum Development Indicators (NMDI) for Population,I,A,Annual,CK,Cook Islands,NMDI0002,Population growth (%),_T,Total,_T,All ages,_T,National,_T,No breakdown by disability,_Z,Not applicable,2017,,-1.63,,PERCENT,percent,,,E,Estimated value,,,Population projections (PDH.Stat),
DATAFLOW,SPC:DF_NMDI_POP(1.0),National Minimum Development Indicators (NMDI) for Population,I,A,Annual,CK,Cook Islands,NMDI0002,Population growth (%),_T,Total,_T,All ages,_T,National,_T,No breakdown by disability,_Z,Not applicable,2018,,-2.68,,PERCENT,percent,,,E,Estimated value,,,Population projections (PDH.Stat),
DATAFLOW,SPC:DF_NMDI_POP(1.0),National Minimum Development Indicators (NMDI) for Population,I,A,Annual,CK,Cook Islands,NMDI0002,Population growth (%),_T,Total,_T,All ages,_T,National,_T,No breakdown by disability,_Z,Not applicable,2019,,-2.76,,PERCENT,percent,,,E,Estimated value,,,Population projections (PDH.Stat),
DATAFLOW,SPC:DF_NMDI_POP(1.0),National Minimum Development Indicators (NMDI) for Population,I,A,Annual,CK,Cook Islands,NMDI0002,Population growth (%),_T,Total,_T,All ages,_T,National,_T,No breakdown by disability,_Z,Not applicable,2020,,-3,,PERCENT,percent,,,E,Estimated value,,,Population projections (PDH.Stat),
DATAFLOW,SPC:DF_NMDI_POP(1.0),National Minimum Development Indicators (NMDI) for Population,I,A,Annual,CK,Cook Islands,NMDI0002,Population growth (%),_T,Total,_T,All ages,_T,National,_T,No breakdown by disability,_Z,Not applicable,2021,,-2.96,,PERCENT,percent,,,E,Estimated value,,,Population projections (PDH.Stat),
DATAFLOW,SPC:DF_NMDI_POP(1.0),National Minimum Development Indicators (NMDI) for Population,I,A,Annual,CK,Cook Islands,NMDI0002,Population growth (%),_T,Total,_T,All ages,_T,National,_T,No breakdown by disability,_Z,Not applicable,2022,,-2.96,,PERCENT,percent,,,E,Estimated value,,,Population projections (PDH.Stat),
DATAFLOW,SPC:DF_NMDI_POP(1.0),National Minimum Development Indicators (NMDI) for Population,I,A,Annual,CK,Cook Islands,NMDI0002,Population growth (%),_T,Total,_T,All ages,_T,National,_T,No breakdown by disability,_Z,Not applicable,2023,,-3.39,,PERCENT,percent,,,E,Estimated value,,,Population projections (PDH.Stat),
DATAFLOW,SPC:DF_NMDI_POP(1.0),National Minimum Development Indicators (NMDI) for Population,I,A,Annual,CK,Cook Islands,NMDI0002,Population growth (%),_T,Total,_T,All ages,_T,National,_T,No breakdown by disability,_Z,Not applicable,2024,,-2.17,,PERCENT,percent,,,E,Estimated value,,,Population projections (PDH.Stat),
DATAFLOW,SPC:DF_NMDI_POP(1.0),National Minimum Development Indicators (NMDI) for Population,I,A,Annual,CK,Cook Islands,NMDI0002,Population growth (%),_T,Total,_T,All ages,_T,National,_T,No breakdown by disability,_Z,Not applicable,2025,,-3.41,,PERCENT,percent,,,E,Estimated value,,,Population projections (PDH.Stat),
DATAFLOW,SPC:DF_NMDI_POP(1.0),National Minimum Development Indicators (NMDI) for Population,I,A,Annual,AS,American Samoa,NMDI0002,Population growth (%),_T,Total,_T,All ages,_T,National,_T,No breakdown by disability,_Z,Not applicable,1990,,3.22,,PERCENT,percent,,,E,Estimated value,,,Population projections (PDH.Stat),
DATAFLOW,SPC:DF_NMDI_POP(1.0),National Minimum Development Indicators (NMDI) for Population,I,A,Annual,AS,American Samoa,NMDI0002,Population growth (%),_T,Total,_T,All ages,_T,National,_T,No breakdown by disability,_Z,Not applicable,1991,,2.64,,PERCENT,percent,,,E,Estimated value,,,Population projections (PDH.Stat),
DATAFLOW,SPC:DF_NMDI_POP(1.0),National Minimum Development Indicators (NMDI) for Population,I,A,Annual,AS,American Samoa,NMDI0002,Population growth (%),_T,Total,_T,All ages,_T,National,_T,No breakdown by disability,_Z,Not applicable,1992,,2.42,,PERCENT,percent,,,E,Estimated value,,,Population projections (PDH.Stat),
DATAFLOW,SPC:DF_NMDI_POP(1.0),National Minimum Development Indicators (NMDI) for Population,I,A,Annual,AS,American Samoa,NMDI0002,Population growth (%),_T,Total,_T,All ages,_T,National,_T,No breakdown by disability,_Z,Not applicable,1993,,2.29,,PERCENT,percent,,,E,Estimated value,,,Population projections (PDH.Stat),
DATAFLOW,SPC:DF_NMDI_POP(1.0),National Minimum Development Indicators (NMDI) for Population,I,A,Annual,AS,American Samoa,NMDI0002,Population growth (%),_T,Total,_T,All ages,_T,National,_T,No breakdown by disability,_Z,Not applicable,1994,,2.17,,PERCENT,percent,,,E,Estimated value,,,Population projections (PDH.Stat),
DATAFLOW,SPC:DF_NMDI_POP(1.0),National Minimum Development Indicators (NMDI) for Population,I,A,Annual,AS,American Samoa,NMDI0002,Population growth (%),_T,Total,_T,All ages,_T,National,_T,No breakdown by disability,_Z,Not applicable,1995,,2.08,,PERCENT,percent,,,E,Estimated value,,,Population projections (PDH.Stat),
DATAFLOW,SPC:DF_NMDI_POP(1.0),National Minimum Development Indicators (NMDI) for Population,I,A,Annual,AS,American Samoa,NMDI0002,Population growth (%),_T,Total,_T,All ages,_T,National,_T,No breakdown by disability,_Z,Not applicable,1996,,1.99,,PERCENT,percent,,,E,Estimated value,,,Population projections (PDH.Stat),
DATAFLOW,SPC:DF_NMDI_POP(1.0),National Minimum Development Indicators (NMDI) for Population,I,A,Annual,AS,American Samoa,NMDI0002,Population growth (%),_T,Total,_T,All ages,_T,National,_T,No breakdown by disability,_Z,Not applicable,1997,,1.88,,PERCENT,percent,,,E,Estimated value,,,Population projections (PDH.Stat),
DATAFLOW,SPC:DF_NMDI_POP(1.0),National Minimum Development Indicators (NMDI) for Population,I,A,Annual,AS,American Samoa,NMDI0002,Population growth (%),_T,Total,_T,All ages,_T,National,_T,No breakdown by disability,_Z,Not applicable,1998,,1.79,,PERCENT,percent,,,E,Estimated value,,,Population projections (PDH.Stat),
DATAFLOW,SPC:DF_NMDI_POP(1.0),National Minimum Development Indicators (NMDI) for Population,I,A,Annual,AS,American Samoa,NMDI0002,Population growth (%),_T,Total,_T,All ages,_T,National,_T,No breakdown by disability,_Z,Not applicable,1999,,1.65,,PERCENT,percent,,,E,Estimated value,,,Population projections (PDH.Stat),
DATAFLOW,SPC:DF_NMDI_POP(1.0),National Minimum Development Indicators (NMDI) for Population,I,A,Annual,AS,American Samoa,NMDI0002,Population growth (%),_T,Total,_T,All ages,_T,National,_T,No breakdown by disability,_Z,Not applicable,2000,,1.07,,PERCENT,percent,,,E,Estimated value,,,Population projections (PDH.Stat),
DATAFLOW,SPC:DF_NMDI_POP(1.0),National Minimum Development Indicators (NMDI) for Population,I,A,Annual,AS,American Samoa,NMDI0002,Population growth (%),_T,Total,_T,All ages,_T,National,_T,No breakdown by disability,_Z,Not applicable,2001,,0.35,,PERCENT,percent,,,E,Estimated value,,,Population projections (PDH.Stat),
DATAFLOW,SPC:DF_NMDI_POP(1.0),National Minimum Development Indicators (NMDI) for Population,I,A,Annual,AS,American Samoa,NMDI0002,Population growth (%),_T,Total,_T,All ages,_T,National,_T,No breakdown by disability,_Z,Not applicable,2002,,0.01,,PERCENT,percent,,,E,Estimated value,,,Population projections (PDH.Stat),
DATAFLOW,SPC:DF_NMDI_POP(1.0),National Minimum Development Indicators (NMDI) for Population,I,A,Annual,AS,American Samoa,NMDI0002,Population growth (%),_T,Total,_T,All ages,_T,National,_T,No breakdown by disability,_Z,Not applicable,2003,,-0.16,,PERCENT,percent,,,E,Estimated value,,,Population projections (PDH.Stat),
DATAFLOW,SPC:DF_NMDI_POP(1.0),National Minimum Development Indicators (NMDI) for Population,I,A,Annual,AS,American Samoa,NMDI0002,Population growth (%),_T,Total,_T,All ages,_T,National,_T,No breakdown by disability,_Z,Not applicable,2004,,-0.26,,PERCENT,percent,,,E,Estimated value,,,Population projections (PDH.Stat),
DATAFLOW,SPC:DF_NMDI_POP(1.0),National Minimum Development Indicators (NMDI) for Population,I,A,Annual,AS,American Samoa,NMDI0002,Population growth (%),_T,Total,_T,All ages,_T,National,_T,No breakdown by disability,_Z,Not applicable,2005,,-0.35,,PERCENT,percent,,,E,Estimated value,,,Population projections (PDH.Stat),
DATAFLOW,SPC:DF_NMDI_POP(1.0),National Minimum Development Indicators (NMDI) for Population,I,A,Annual,AS,American Samoa,NMDI0002,Population growth (%),_T,Total,_T,All ages,_T,National,_T,No breakdown by disability,_Z,Not applicable,2006,,-0.43,,PERCENT,percent,,,E,Estimated value,,,Population projections (PDH.Stat),
DATAFLOW,SPC:DF_NMDI_POP(1.0),National Minimum Development Indicators (NMDI) for Population,I,A,Annual,AS,American Samoa,NMDI0002,Population growth (%),_T,Total,_T,All ages,_T,National,_T,No breakdown by disability,_Z,Not applicable,2007,,-0.46,,PERCENT,percent,,,E,Estimated value,,,Population projections (PDH.Stat),
DATAFLOW,SPC:DF_NMDI_POP(1.0),National Minimum Development Indicators (NMDI) for Population,I,A,Annual,AS,American Samoa,NMDI0002,Population growth (%),_T,Total,_T,All ages,_T,National,_T,No breakdown by disability,_Z,Not applicable,2008,,-0.51,,PERCENT,percent,,,E,Estimated value,,,Population projections (PDH.Stat),
DATAFLOW,SPC:DF_NMDI_POP(1.0),National Minimum Development Indicators (NMDI) for Population,I,A,Annual,AS,American Samoa,NMDI0002,Population growth (%),_T,Total,_T,All ages,_T,National,_T,No breakdown by disability,_Z,Not applicable,2009,,-0.54,,PERCENT,percent,,,E,Estimated value,,,Population projections (PDH.Stat),
DATAFLOW,SPC:DF_NMDI_POP(1.0),National Minimum Development Indicators (NMDI) for Population,I,A,Annual,AS,American Samoa,NMDI0002,Population growth (%),_T,Total,_T,All ages,_T,National,_T,No breakdown by disability,_Z,Not applicable,2010,,-0.54,,PERCENT,percent,,,E,Estimated value,,,Population projections (PDH.Stat),
DATAFLOW,SPC:DF_NMDI_POP(1.0),National Minimum Development Indicators (NMDI) for Population,I,A,Annual,AS,American Samoa,NMDI0002,Population growth (%),_T,Total,_T,All ages,_T,National,_T,No breakdown by disability,_Z,Not applicable,2011,,-0.6,,PERCENT,percent,,,E,Estimated value,,,Population projections (PDH.Stat),
DATAFLOW,SPC:DF_NMDI_POP(1.0),National Minimum Development Indicators (NMDI) for Population,I,A,Annual,AS,American Samoa,NMDI0002,Population growth (%),_T,Total,_T,All ages,_T,National,_T,No breakdown by disability,_Z,Not applicable,2012,,-0.73,,PERCENT,percent,,,E,Estimated value,,,Population projections (PDH.Stat),
DATAFLOW,SPC:DF_NMDI_POP(1.0),National Minimum Development Indicators (NMDI) for Population,I,A,Annual,AS,American Samoa,NMDI0002,Population growth (%),_T,Total,_T,All ages,_T,National,_T,No breakdown by disability,_Z,Not applicable,2013,,-0.89,,PERCENT,percent,,,E,Estimated value,,,Population projections (PDH.Stat),
DATAFLOW,SPC:DF_NMDI_POP(1.0),National Minimum Development Indicators (NMDI) for Population,I,A,Annual,AS,American Samoa,NMDI0002,Population growth (%),_T,Total,_T,All ages,_T,National,_T,No breakdown by disability,_Z,Not applicable,2014,,-1.01,,PERCENT,percent,,,E,Estimated value,,,Population projections (PDH.Stat),
DATAFLOW,SPC:DF_NMDI_POP(1.0),National Minimum Development Indicators (NMDI) for Population,I,A,Annual,AS,American Samoa,NMDI0002,Population growth (%),_T,Total,_T,All ages,_T,National,_T,No breakdown by disability,_Z,Not applicable,2015,,-1.1,,PERCENT,percent,,,E,Estimated value,,,Population projections (PDH.Stat),
DATAFLOW,SPC:DF_NMDI_POP(1.0),National Minimum Development Indicators (NMDI) for Population,I,A,Annual,AS,American Samoa,NMDI0002,Population growth (%),_T,Total,_T,All ages,_T,National,_T,No breakdown by disability,_Z,Not applicable,2016,,-1.19,,PERCENT,percent,,,E,Estimated value,,,Population projections (PDH.Stat),
DATAFLOW,SPC:DF_NMDI_POP(1.0),National Minimum Development Indicators (NMDI) for Population,I,A,Annual,AS,American Samoa,NMDI0002,Population growth (%),_T,Total,_T,All ages,_T,National,_T,No breakdown by disability,_Z,Not applicable,2017,,-1.26,,PERCENT,percent,,,E,Estimated value,,,Population projections (PDH.Stat),
DATAFLOW,SPC:DF_NMDI_POP(1.0),National Minimum Development Indicators (NMDI) for Population,I,A,Annual,AS,American Samoa,NMDI0002,Population growth (%),_T,Total,_T,All ages,_T,National,_T,No breakdown by disability,_Z,Not applicable,2018,,-1.31,,PERCENT,percent,,,E,Estimated value,,,Population projections (PDH.Stat),
DATAFLOW,SPC:DF_NMDI_POP(1.0),National Minimum Development Indicators (NMDI) for Population,I,A,Annual,AS,American Samoa,NMDI0002,Population growth (%),_T,Total,_T,All ages,_T,National,_T,No breakdown by disability,_Z,Not applicable,2019,,-1.38,,PERCENT,percent,,,E,Estimated value,,,Population projections (PDH.Stat),
DATAFLOW,SPC:DF_NMDI_POP(1.0),National Minimum Development Indicators (NMDI) for Population,I,A,Annual,AS,American Samoa,NMDI0002,Population growth (%),_T,Total,_T,All ages,_T,National,_T,No breakdown by disability,_Z,Not applicable,2020,,-0.89,,PERCENT,percent,,,E,Estimated value,,,Population projections (PDH.Stat),
DATAFLOW,SPC:DF_NMDI_POP(1.0),National Minimum Development Indicators (NMDI) for Population,I,A,Annual,AS,American Samoa,NMDI0002,Population growth (%),_T,Total,_T,All ages,_T,National,_T,No breakdown by disability,_Z,Not applicable,2021,,-1.07,,PERCENT,percent,,,E,Estimated value,,,Population projections (PDH.Stat),
DATAFLOW,SPC:DF_NMDI_POP(1.0),National Minimum Development Indicators (NMDI) for Population,I,A,Annual,AS,American Samoa,NMDI0002,Population growth (%),_T,Total,_T,All ages,_T,National,_T,No breakdown by disability,_Z,Not applicable,2022,,-1.8,,PERCENT,percent,,,E,Estimated value,,,Population projections (PDH.Stat),
DATAFLOW,SPC:DF_NMDI_POP(1.0),National Minimum Development Indicators (NMDI) for Population,I,A,Annual,AS,American Samoa,NMDI0002,Population growth (%),_T,Total,_T,All ages,_T,National,_T,No breakdown by disability,_Z,Not applicable,2023,,-1.69,,PERCENT,percent,,,E,Estimated value,,,Population projections (PDH.Stat),
DATAFLOW,SPC:DF_NMDI_POP(1.0),National Minimum Development Indicators (NMDI) for Population,I,A,Annual,AS,American Samoa,NMDI0002,Population growth (%),_T,Total,_T,All ages,_T,National,_T,No breakdown by disability,_Z,Not applicable,2024,,-0.89,,PERCENT,percent,,,E,Estimated value,,,Population projections (PDH.Stat),
DATAFLOW,SPC:DF_NMDI_POP(1.0),National Minimum Development Indicators (NMDI) for Population,I,A,Annual,AS,American Samoa,NMDI0002,Population growth (%),_T,Total,_T,All ages,_T,National,_T,No breakdown by disability,_Z,Not applicable,2025,,-1.6,,PERCENT,percent,,,E,Estimated value,,,Population projections (PDH.Stat),
DATAFLOW,SPC:DF_NMDI_POP(1.0),National Minimum Development Indicators (NMDI) for Population,I,A,Annual,WS,Samoa,NMDI0002,Population growth (%),_T,Total,_T,All ages,_T,National,_T,No breakdown by disability,_Z,Not applicable,1990,,0.16,,PERCENT,percent,,,E,Estimated value,,,Population projections (PDH.Stat),
DATAFLOW,SPC:DF_NMDI_POP(1.0),National Minimum Development Indicators (NMDI) for Population,I,A,Annual,WS,Samoa,NMDI0002,Population growth (%),_T,Total,_T,All ages,_T,National,_T,No breakdown by disability,_Z,Not applicable,1991,,0.19,,PERCENT,percent,,,E,Estimated value,,,Population projections (PDH.Stat),
DATAFLOW,SPC:DF_NMDI_POP(1.0),National Minimum Development Indicators (NMDI) for Population,I,A,Annual,WS,Samoa,NMDI0002,Population growth (%),_T,Total,_T,All ages,_T,National,_T,No breakdown by disability,_Z,Not applicable,1992,,0.57,,PERCENT,percent,,,E,Estimated value,,,Population projections (PDH.Stat),
DATAFLOW,SPC:DF_NMDI_POP(1.0),National Minimum Development Indicators (NMDI) for Population,I,A,Annual,WS,Samoa,NMDI0002,Population growth (%),_T,Total,_T,All ages,_T,National,_T,No breakdown by disability,_Z,Not applicable,1993,,0.85,,PERCENT,percent,,,E,Estimated value,,,Population projections (PDH.Stat),
DATAFLOW,SPC:DF_NMDI_POP(1.0),National Minimum Development Indicators (NMDI) for Population,I,A,Annual,WS,Samoa,NMDI0002,Population growth (%),_T,Total,_T,All ages,_T,National,_T,No breakdown by disability,_Z,Not applicable,1994,,0.81,,PERCENT,percent,,,E,Estimated value,,,Population projections (PDH.Stat),
DATAFLOW,SPC:DF_NMDI_POP(1.0),National Minimum Development Indicators (NMDI) for Population,I,A,Annual,WS,Samoa,NMDI0002,Population growth (%),_T,Total,_T,All ages,_T,National,_T,No breakdown by disability,_Z,Not applicable,1995,,0.82,,PERCENT,percent,,,E,Estimated value,,,Population projections (PDH.Stat),
DATAFLOW,SPC:DF_NMDI_POP(1.0),National Minimum Development Indicators (NMDI) for Population,I,A,Annual,WS,Samoa,NMDI0002,Population growth (%),_T,Total,_T,All ages,_T,National,_T,No breakdown by disability,_Z,Not applicable,1996,,0.85,,PERCENT,percent,,,E,Estimated value,,,Population projections (PDH.Stat),
DATAFLOW,SPC:DF_NMDI_POP(1.0),National Minimum Development Indicators (NMDI) for Population,I,A,Annual,WS,Samoa,NMDI0002,Population growth (%),_T,Total,_T,All ages,_T,National,_T,No breakdown by disability,_Z,Not applicable,1997,,0.84,,PERCENT,percent,,,E,Estimated value,,,Population projections (PDH.Stat),
DATAFLOW,SPC:DF_NMDI_POP(1.0),National Minimum Development Indicators (NMDI) for Population,I,A,Annual,WS,Samoa,NMDI0002,Population growth (%),_T,Total,_T,All ages,_T,National,_T,No breakdown by disability,_Z,Not applicable,1998,,0.76,,PERCENT,percent,,,E,Estimated value,,,Population projections (PDH.Stat),
DATAFLOW,SPC:DF_NMDI_POP(1.0),National Minimum Development Indicators (NMDI) for Population,I,A,Annual,WS,Samoa,NMDI0002,Population growth (%),_T,Total,_T,All ages,_T,National,_T,No breakdown by disability,_Z,Not applicable,1999,,0.77,,PERCENT,percent,,,E,Estimated value,,,Population projections (PDH.Stat),
DATAFLOW,SPC:DF_NMDI_POP(1.0),National Minimum Development Indicators (NMDI) for Population,I,A,Annual,WS,Samoa,NMDI0002,Population growth (%),_T,Total,_T,All ages,_T,National,_T,No breakdown by disability,_Z,Not applicable,2000,,0.78,,PERCENT,percent,,,E,Estimated value,,,Population projections (PDH.Stat),
DATAFLOW,SPC:DF_NMDI_POP(1.0),National Minimum Development Indicators (NMDI) for Population,I,A,Annual,WS,Samoa,NMDI0002,Population growth (%),_T,Total,_T,All ages,_T,National,_T,No breakdown by disability,_Z,Not applicable,2001,,0.82,,PERCENT,percent,,,E,Estimated value,,,Population projections (PDH.Stat),
DATAFLOW,SPC:DF_NMDI_POP(1.0),National Minimum Development Indicators (NMDI) for Population,I,A,Annual,WS,Samoa,NMDI0002,Population growth (%),_T,Total,_T,All ages,_T,National,_T,No breakdown by disability,_Z,Not applicable,2002,,0.71,,PERCENT,percent,,,E,Estimated value,,,Population projections (PDH.Stat),
DATAFLOW,SPC:DF_NMDI_POP(1.0),National Minimum Development Indicators (NMDI) for Population,I,A,Annual,WS,Samoa,NMDI0002,Population growth (%),_T,Total,_T,All ages,_T,National,_T,No breakdown by disability,_Z,Not applicable,2003,,0.53,,PERCENT,percent,,,E,Estimated value,,,Population projections (PDH.Stat),
DATAFLOW,SPC:DF_NMDI_POP(1.0),National Minimum Development Indicators (NMDI) for Population,I,A,Annual,WS,Samoa,NMDI0002,Population growth (%),_T,Total,_T,All ages,_T,National,_T,No breakdown by disability,_Z,Not applicable,2004,,0.44,,PERCENT,percent,,,E,Estimated value,,,Population projections (PDH.Stat),
DATAFLOW,SPC:DF_NMDI_POP(1.0),National Minimum Development Indicators (NMDI) for Population,I,A,Annual,WS,Samoa,NMDI0002,Population growth (%),_T,Total,_T,All ages,_T,National,_T,No breakdown by disability,_Z,Not applicable,2005,,0.39,,PERCENT,percent,,,E,Estimated value,,,Population projections (PDH.Stat),
DATAFLOW,SPC:DF_NMDI_POP(1.0),National Minimum Development Indicators (NMDI) for Population,I,A,Annual,WS,Samoa,NMDI0002,Population growth (%),_T,Total,_T,All ages,_T,National,_T,No breakdown by disability,_Z,Not applicable,2006,,0.39,,PERCENT,percent,,,E,Estimated value,,,Population projections (PDH.Stat),
DATAFLOW,SPC:DF_NMDI_POP(1.0),National Minimum Development Indicators (NMDI) for Population,I,A,Annual,WS,Samoa,NMDI0002,Population growth (%),_T,Total,_T,All ages,_T,National,_T,No breakdown by disability,_Z,Not applicable,2007,,0.55,,PERCENT,percent,,,E,Estimated value,,,Population projections (PDH.Stat),
DATAFLOW,SPC:DF_NMDI_POP(1.0),National Minimum Development Indicators (NMDI) for Population,I,A,Annual,WS,Samoa,NMDI0002,Population growth (%),_T,Total,_T,All ages,_T,National,_T,No breakdown by disability,_Z,Not applicable,2008,,0.72,,PERCENT,percent,,,E,Estimated value,,,Population projections (PDH.Stat),
DATAFLOW,SPC:DF_NMDI_POP(1.0),National Minimum Development Indicators (NMDI) for Population,I,A,Annual,WS,Samoa,NMDI0002,Population growth (%),_T,Total,_T,All ages,_T,National,_T,No breakdown by disability,_Z,Not applicable,2009,,0.74,,PERCENT,percent,,,E,Estimated value,,,Population projections (PDH.Stat),
DATAFLOW,SPC:DF_NMDI_POP(1.0),National Minimum Development Indicators (NMDI) for Population,I,A,Annual,WS,Samoa,NMDI0002,Population growth (%),_T,Total,_T,All ages,_T,National,_T,No breakdown by disability,_Z,Not applicable,2010,,0.79,,PERCENT,percent,,,E,Estimated value,,,Population projections (PDH.Stat),
DATAFLOW,SPC:DF_NMDI_POP(1.0),National Minimum Development Indicators (NMDI) for Population,I,A,Annual,WS,Samoa,NMDI0002,Population growth (%),_T,Total,_T,All ages,_T,National,_T,No breakdown by disability,_Z,Not applicable,2011,,0.87,,PERCENT,percent,,,E,Estimated value,,,Population projections (PDH.Stat),
DATAFLOW,SPC:DF_NMDI_POP(1.0),National Minimum Development Indicators (NMDI) for Population,I,A,Annual,WS,Samoa,NMDI0002,Population growth (%),_T,Total,_T,All ages,_T,National,_T,No breakdown by disability,_Z,Not applicable,2012,,0.92,,PERCENT,percent,,,E,Estimated value,,,Population projections (PDH.Stat),
DATAFLOW,SPC:DF_NMDI_POP(1.0),National Minimum Development Indicators (NMDI) for Population,I,A,Annual,WS,Samoa,NMDI0002,Population growth (%),_T,Total,_T,All ages,_T,National,_T,No breakdown by disability,_Z,Not applicable,2013,,0.9,,PERCENT,percent,,,E,Estimated value,,,Population projections (PDH.Stat),
DATAFLOW,SPC:DF_NMDI_POP(1.0),National Minimum Development Indicators (NMDI) for Population,I,A,Annual,WS,Samoa,NMDI0002,Population growth (%),_T,Total,_T,All ages,_T,National,_T,No breakdown by disability,_Z,Not applicable,2014,,0.89,,PERCENT,percent,,,E,Estimated value,,,Population projections (PDH.Stat),
DATAFLOW,SPC:DF_NMDI_POP(1.0),National Minimum Development Indicators (NMDI) for Population,I,A,Annual,WS,Samoa,NMDI0002,Population growth (%),_T,Total,_T,All ages,_T,National,_T,No breakdown by disability,_Z,Not applicable,2015,,0.87,,PERCENT,percent,,,E,Estimated value,,,Population projections (PDH.Stat),
DATAFLOW,SPC:DF_NMDI_POP(1.0),National Minimum Development Indicators (NMDI) for Population,I,A,Annual,WS,Samoa,NMDI0002,Population growth (%),_T,Total,_T,All ages,_T,National,_T,No breakdown by disability,_Z,Not applicable,2016,,0.85,,PERCENT,percent,,,E,Estimated value,,,Population projections (PDH.Stat),
DATAFLOW,SPC:DF_NMDI_POP(1.0),National Minimum Development Indicators (NMDI) for Population,I,A,Annual,WS,Samoa,NMDI0002,Population growth (%),_T,Total,_T,All ages,_T,National,_T,No breakdown by disability,_Z,Not applicable,2017,,0.94,,PERCENT,percent,,,E,Estimated value,,,Population projections (PDH.Stat),
DATAFLOW,SPC:DF_NMDI_POP(1.0),National Minimum Development Indicators (NMDI) for Population,I,A,Annual,WS,Samoa,NMDI0002,Population growth (%),_T,Total,_T,All ages,_T,National,_T,No breakdown by disability,_Z,Not applicable,2018,,1.06,,PERCENT,percent,,,E,Estimated value,,,Population projections (PDH.Stat),
DATAFLOW,SPC:DF_NMDI_POP(1.0),National Minimum Development Indicators (NMDI) for Population,I,A,Annual,WS,Samoa,NMDI0002,Population growth (%),_T,Total,_T,All ages,_T,National,_T,No breakdown by disability,_Z,Not applicable,2019,,1.06,,PERCENT,percent,,,E,Estimated value,,,Population projections (PDH.Stat),
DATAFLOW,SPC:DF_NMDI_POP(1.0),National Minimum Development Indicators (NMDI) for Population,I,A,Annual,WS,Samoa,NMDI0002,Population growth (%),_T,Total,_T,All ages,_T,National,_T,No breakdown by disability,_Z,Not applicable,2020,,1.03,,PERCENT,percent,,,E,Estimated value,,,Population projections (PDH.Stat),
DATAFLOW,SPC:DF_NMDI_POP(1.0),National Minimum Development Indicators (NMDI) for Population,I,A,Annual,WS,Samoa,NMDI0002,Population growth (%),_T,Total,_T,All ages,_T,National,_T,No breakdown by disability,_Z,Not applicable,2021,,0.86,,PERCENT,percent,,,E,Estimated value,,,Population projections (PDH.Stat),
DATAFLOW,SPC:DF_NMDI_POP(1.0),National Minimum Development Indicators (NMDI) for Population,I,A,Annual,WS,Samoa,NMDI0002,Population growth (%),_T,Total,_T,All ages,_T,National,_T,No breakdown by disability,_Z,Not applicable,2022,,0.7,,PERCENT,percent,,,E,Estimated value,,,Population projections (PDH.Stat),
DATAFLOW,SPC:DF_NMDI_POP(1.0),National Minimum Development Indicators (NMDI) for Population,I,A,Annual,WS,Samoa,NMDI0002,Population growth (%),_T,Total,_T,All ages,_T,National,_T,No breakdown by disability,_Z,Not applicable,2023,,0.65,,PERCENT,percent,,,E,Estimated value,,,Population projections (PDH.Stat),
DATAFLOW,SPC:DF_NMDI_POP(1.0),National Minimum Development Indicators (NMDI) for Population,I,A,Annual,WS,Samoa,NMDI0002,Population growth (%),_T,Total,_T,All ages,_T,National,_T,No breakdown by disability,_Z,Not applicable,2024,,0.3,,PERCENT,percent,,,E,Estimated value,,,Population projections (PDH.Stat),
DATAFLOW,SPC:DF_NMDI_POP(1.0),National Minimum Development Indicators (NMDI) for Population,I,A,Annual,WS,Samoa,NMDI0002,Population growth (%),_T,Total,_T,All ages,_T,National,_T,No breakdown by disability,_Z,Not applicable,2025,,0.62,,PERCENT,percent,,,E,Estimated value,,,Population projections (PDH.Stat),
DATAFLOW,SPC:DF_NMDI_POP(1.0),National Minimum Development Indicators (NMDI) for Population,I,A,Annual,VU,Vanuatu,NMDI0002,Population growth (%),_T,Total,_T,All ages,_T,National,_T,No breakdown by disability,_Z,Not applicable,1990,,2.54,,PERCENT,percent,,,E,Estimated value,,,Population projections (PDH.Stat),
DATAFLOW,SPC:DF_NMDI_POP(1.0),National Minimum Development Indicators (NMDI) for Population,I,A,Annual,VU,Vanuatu,NMDI0002,Population growth (%),_T,Total,_T,All ages,_T,National,_T,No breakdown by disability,_Z,Not applicable,1991,,2.52,,PERCENT,percent,,,E,Estimated value,,,Population projections (PDH.Stat),
DATAFLOW,SPC:DF_NMDI_POP(1.0),National Minimum Development Indicators (NMDI) for Population,I,A,Annual,VU,Vanuatu,NMDI0002,Population growth (%),_T,Total,_T,All ages,_T,National,_T,No breakdown by disability,_Z,Not applicable,1992,,2.51,,PERCENT,percent,,,E,Estimated value,,,Population projections (PDH.Stat),
DATAFLOW,SPC:DF_NMDI_POP(1.0),National Minimum Development Indicators (NMDI) for Population,I,A,Annual,VU,Vanuatu,NMDI0002,Population growth (%),_T,Total,_T,All ages,_T,National,_T,No breakdown by disability,_Z,Not applicable,1993,,2.48,,PERCENT,percent,,,E,Estimated value,,,Population projections (PDH.Stat),
DATAFLOW,SPC:DF_NMDI_POP(1.0),National Minimum Development Indicators (NMDI) for Population,I,A,Annual,VU,Vanuatu,NMDI0002,Population growth (%),_T,Total,_T,All ages,_T,National,_T,No breakdown by disability,_Z,Not applicable,1994,,2.42,,PERCENT,percent,,,E,Estimated value,,,Population projections (PDH.Stat),
DATAFLOW,SPC:DF_NMDI_POP(1.0),National Minimum Development Indicators (NMDI) for Population,I,A,Annual,VU,Vanuatu,NMDI0002,Population growth (%),_T,Total,_T,All ages,_T,National,_T,No breakdown by disability,_Z,Not applicable,1995,,2.34,,PERCENT,percent,,,E,Estimated value,,,Population projections (PDH.Stat),
DATAFLOW,SPC:DF_NMDI_POP(1.0),National Minimum Development Indicators (NMDI) for Population,I,A,Annual,VU,Vanuatu,NMDI0002,Population growth (%),_T,Total,_T,All ages,_T,National,_T,No breakdown by disability,_Z,Not applicable,1996,,2.26,,PERCENT,percent,,,E,Estimated value,,,Population projections (PDH.Stat),
DATAFLOW,SPC:DF_NMDI_POP(1.0),National Minimum Development Indicators (NMDI) for Population,I,A,Annual,VU,Vanuatu,NMDI0002,Population growth (%),_T,Total,_T,All ages,_T,National,_T,No breakdown by disability,_Z,Not applicable,1997,,2.17,,PERCENT,percent,,,E,Estimated value,,,Population projections (PDH.Stat),
DATAFLOW,SPC:DF_NMDI_POP(1.0),National Minimum Development Indicators (NMDI) for Population,I,A,Annual,VU,Vanuatu,NMDI0002,Population growth (%),_T,Total,_T,All ages,_T,National,_T,No breakdown by disability,_Z,Not applicable,1998,,2.11,,PERCENT,percent,,,E,Estimated value,,,Population projections (PDH.Stat),
DATAFLOW,SPC:DF_NMDI_POP(1.0),National Minimum Development Indicators (NMDI) for Population,I,A,Annual,VU,Vanuatu,NMDI0002,Population growth (%),_T,Total,_T,All ages,_T,National,_T,No breakdown by disability,_Z,Not applicable,1999,,2.09,,PERCENT,percent,,,E,Estimated value,,,Population projections (PDH.Stat),
DATAFLOW,SPC:DF_NMDI_POP(1.0),National Minimum Development Indicators (NMDI) for Population,I,A,Annual,VU,Vanuatu,NMDI0002,Population growth (%),_T,Total,_T,All ages,_T,National,_T,No breakdown by disability,_Z,Not applicable,2000,,2.33,,PERCENT,percent,,,E,Estimated value,,,Population projections (PDH.Stat),
DATAFLOW,SPC:DF_NMDI_POP(1.0),National Minimum Development Indicators (NMDI) for Population,I,A,Annual,VU,Vanuatu,NMDI0002,Population growth (%),_T,Total,_T,All ages,_T,National,_T,No breakdown by disability,_Z,Not applicable,2001,,2.54,,PERCENT,percent,,,E,Estimated value,,,Population projections (PDH.Stat),
DATAFLOW,SPC:DF_NMDI_POP(1.0),National Minimum Development Indicators (NMDI) for Population,I,A,Annual,VU,Vanuatu,NMDI0002,Population growth (%),_T,Total,_T,All ages,_T,National,_T,No breakdown by disability,_Z,Not applicable,2002,,2.53,,PERCENT,percent,,,E,Estimated value,,,Population projections (PDH.Stat),
DATAFLOW,SPC:DF_NMDI_POP(1.0),National Minimum Development Indicators (NMDI) for Population,I,A,Annual,VU,Vanuatu,NMDI0002,Population growth (%),_T,Total,_T,All ages,_T,National,_T,No breakdown by disability,_Z,Not applicable,2003,,2.49,,PERCENT,percent,,,E,Estimated value,,,Population projections (PDH.Stat),
DATAFLOW,SPC:DF_NMDI_POP(1.0),National Minimum Development Indicators (NMDI) for Population,I,A,Annual,VU,Vanuatu,NMDI0002,Population growth (%),_T,Total,_T,All ages,_T,National,_T,No breakdown by disability,_Z,Not applicable,2004,,2.47,,PERCENT,percent,,,E,Estimated value,,,Population projections (PDH.Stat),
DATAFLOW,SPC:DF_NMDI_POP(1.0),National Minimum Development Indicators (NMDI) for Population,I,A,Annual,VU,Vanuatu,NMDI0002,Population growth (%),_T,Total,_T,All ages,_T,National,_T,No breakdown by disability,_Z,Not applicable,2005,,2.45,,PERCENT,percent,,,E,Estimated value,,,Population projections (PDH.Stat),
DATAFLOW,SPC:DF_NMDI_POP(1.0),National Minimum Development Indicators (NMDI) for Population,I,A,Annual,VU,Vanuatu,NMDI0002,Population growth (%),_T,Total,_T,All ages,_T,National,_T,No breakdown by disability,_Z,Not applicable,2006,,2.45,,PERCENT,percent,,,E,Estimated value,,,Population projections (PDH.Stat),
DATAFLOW,SPC:DF_NMDI_POP(1.0),National Minimum Development Indicators (NMDI) for Population,I,A,Annual,VU,Vanuatu,NMDI0002,Population growth (%),_T,Total,_T,All ages,_T,National,_T,No breakdown by disability,_Z,Not applicable,2007,,2.48,,PERCENT,percent,,,E,Estimated value,,,Population projections (PDH.Stat),
DATAFLOW,SPC:DF_NMDI_POP(1.0),National Minimum Development Indicators (NMDI) for Population,I,A,Annual,VU,Vanuatu,NMDI0002,Population growth (%),_T,Total,_T,All ages,_T,National,_T,No breakdown by disability,_Z,Not applicable,2008,,2.54,,PERCENT,percent,,,E,Estimated value,,,Population projections (PDH.Stat),
DATAFLOW,SPC:DF_NMDI_POP(1.0),National Minimum Development Indicators (NMDI) for Population,I,A,Annual,VU,Vanuatu,NMDI0002,Population growth (%),_T,Total,_T,All ages,_T,National,_T,No breakdown by disability,_Z,Not applicable,2009,,2.57,,PERCENT,percent,,,E,Estimated value,,,Population projections (PDH.Stat),
DATAFLOW,SPC:DF_NMDI_POP(1.0),National Minimum Development Indicators (NMDI) for Population,I,A,Annual,VU,Vanuatu,NMDI0002,Population growth (%),_T,Total,_T,All ages,_T,National,_T,No breakdown by disability,_Z,Not applicable,2010,,2.37,,PERCENT,percent,,,E,Estimated value,,,Population projections (PDH.Stat),
DATAFLOW,SPC:DF_NMDI_POP(1.0),National Minimum Development Indicators (NMDI) for Population,I,A,Annual,VU,Vanuatu,NMDI0002,Population growth (%),_T,Total,_T,All ages,_T,National,_T,No breakdown by disability,_Z,Not applicable,2011,,2.19,,PERCENT,percent,,,E,Estimated value,,,Population projections (PDH.Stat),
DATAFLOW,SPC:DF_NMDI_POP(1.0),National Minimum Development Indicators (NMDI) for Population,I,A,Annual,VU,Vanuatu,NMDI0002,Population growth (%),_T,Total,_T,All ages,_T,National,_T,No breakdown by disability,_Z,Not applicable,2012,,2.23,,PERCENT,percent,,,E,Estimated value,,,Population projections (PDH.Stat),
DATAFLOW,SPC:DF_NMDI_POP(1.0),National Minimum Development Indicators (NMDI) for Population,I,A,Annual,VU,Vanuatu,NMDI0002,Population growth (%),_T,Total,_T,All ages,_T,National,_T,No breakdown by disability,_Z,Not applicable,2013,,2.24,,PERCENT,percent,,,E,Estimated value,,,Population projections (PDH.Stat),
DATAFLOW,SPC:DF_NMDI_POP(1.0),National Minimum Development Indicators (NMDI) for Population,I,A,Annual,VU,Vanuatu,NMDI0002,Population growth (%),_T,Total,_T,All ages,_T,National,_T,No breakdown by disability,_Z,Not applicable,2014,,2.26,,PERCENT,percent,,,E,Estimated value,,,Population projections (PDH.Stat),
DATAFLOW,SPC:DF_NMDI_POP(1.0),National Minimum Development Indicators (NMDI) for Population,I,A,Annual,VU,Vanuatu,NMDI0002,Population growth (%),_T,Total,_T,All ages,_T,National,_T,No breakdown by disability,_Z,Not applicable,2015,,2.25,,PERCENT,percent,,,E,Estimated value,,,Population projections (PDH.Stat),
DATAFLOW,SPC:DF_NMDI_POP(1.0),National Minimum Development Indicators (NMDI) for Population,I,A,Annual,VU,Vanuatu,NMDI0002,Population growth (%),_T,Total,_T,All ages,_T,National,_T,No breakdown by disability,_Z,Not applicable,2016,,2.25,,PERCENT,percent,,,E,Estimated value,,,Population projections (PDH.Stat),
DATAFLOW,SPC:DF_NMDI_POP(1.0),National Minimum Development Indicators (NMDI) for Population,I,A,Annual,VU,Vanuatu,NMDI0002,Population growth (%),_T,Total,_T,All ages,_T,National,_T,No breakdown by disability,_Z,Not applicable,2017,,2.36,,PERCENT,percent,,,E,Estimated value,,,Population projections (PDH.Stat),
DATAFLOW,SPC:DF_NMDI_POP(1.0),National Minimum Development Indicators (NMDI) for Population,I,A,Annual,VU,Vanuatu,NMDI0002,Population growth (%),_T,Total,_T,All ages,_T,National,_T,No breakdown by disability,_Z,Not applicable,2018,,2.43,,PERCENT,percent,,,E,Estimated value,,,Population projections (PDH.Stat),
DATAFLOW,SPC:DF_NMDI_POP(1.0),National Minimum Development Indicators (NMDI) for Population,I,A,Annual,VU,Vanuatu,NMDI0002,Population growth (%),_T,Total,_T,All ages,_T,National,_T,No breakdown by disability,_Z,Not applicable,2019,,2.35,,PERCENT,percent,,,E,Estimated value,,,Population projections (PDH.Stat),
DATAFLOW,SPC:DF_NMDI_POP(1.0),National Minimum Development Indicators (NMDI) for Population,I,A,Annual,VU,Vanuatu,NMDI0002,Population growth (%),_T,Total,_T,All ages,_T,National,_T,No breakdown by disability,_Z,Not applicable,2020,,2.35,,PERCENT,percent,,,E,Estimated value,,,Population projections (PDH.Stat),
DATAFLOW,SPC:DF_NMDI_POP(1.0),National Minimum Development Indicators (NMDI) for Population,I,A,Annual,VU,Vanuatu,NMDI0002,Population growth (%),_T,Total,_T,All ages,_T,National,_T,No breakdown by disability,_Z,Not applicable,2021,,2.35,,PERCENT,percent,,,E,Estimated value,,,Population projections (PDH.Stat),
DATAFLOW,SPC:DF_NMDI_POP(1.0),National Minimum Development Indicators (NMDI) for Population,I,A,Annual,VU,Vanuatu,NMDI0002,Population growth (%),_T,Total,_T,All ages,_T,National,_T,No breakdown by disability,_Z,Not applicable,2022,,2.35,,PERCENT,percent,,,E,Estimated value,,,Population projections (PDH.Stat),
DATAFLOW,SPC:DF_NMDI_POP(1.0),National Minimum Development Indicators (NMDI) for Population,I,A,Annual,VU,Vanuatu,NMDI0002,Population growth (%),_T,Total,_T,All ages,_T,National,_T,No breakdown by disability,_Z,Not applicable,2023,,2.35,,PERCENT,percent,,,E,Estimated value,,,Population projections (PDH.Stat),
DATAFLOW,SPC:DF_NMDI_POP(1.0),National Minimum Development Indicators (NMDI) for Population,I,A,Annual,VU,Vanuatu,NMDI0002,Population growth (%),_T,Total,_T,All ages,_T,National,_T,No breakdown by disability,_Z,Not applicable,2024,,1.14,,PERCENT,percent,,,E,Estimated value,,,Population projections (PDH.Stat),
DATAFLOW,SPC:DF_NMDI_POP(1.0),National Minimum Development Indicators (NMDI) for Population,I,A,Annual,VU,Vanuatu,NMDI0002,Population growth (%),_T,Total,_T,All ages,_T,National,_T,No breakdown by disability,_Z,Not applicable,2025,,2.28,,PERCENT,percent,,,E,Estimated value,,,Population projections (PDH.Stat),
DATAFLOW,SPC:DF_NMDI_POP(1.0),National Minimum Development Indicators (NMDI) for Population,I,A,Annual,NU,Niue,NMDI0002,Population growth (%),_T,Total,_T,All ages,_T,National,_T,No breakdown by disability,_Z,Not applicable,1990,,-1.17,,PERCENT,percent,,,E,Estimated value,,,Population projections (PDH.Stat),
DATAFLOW,SPC:DF_NMDI_POP(1.0),National Minimum Development Indicators (NMDI) for Population,I,A,Annual,NU,Niue,NMDI0002,Population growth (%),_T,Total,_T,All ages,_T,National,_T,No breakdown by disability,_Z,Not applicable,1991,,-1.23,,PERCENT,percent,,,E,Estimated value,,,Population projections (PDH.Stat),
DATAFLOW,SPC:DF_NMDI_POP(1.0),National Minimum Development Indicators (NMDI) for Population,I,A,Annual,NU,Niue,NMDI0002,Population growth (%),_T,Total,_T,All ages,_T,National,_T,No breakdown by disability,_Z,Not applicable,1992,,-1.28,,PERCENT,percent,,,E,Estimated value,,,Population projections (PDH.Stat),
DATAFLOW,SPC:DF_NMDI_POP(1.0),National Minimum Development Indicators (NMDI) for Population,I,A,Annual,NU,Niue,NMDI0002,Population growth (%),_T,Total,_T,All ages,_T,National,_T,No breakdown by disability,_Z,Not applicable,1993,,-1.79,,PERCENT,percent,,,E,Estimated value,,,Population projections (PDH.Stat),
DATAFLOW,SPC:DF_NMDI_POP(1.0),National Minimum Development Indicators (NMDI) for Population,I,A,Annual,NU,Niue,NMDI0002,Population growth (%),_T,Total,_T,All ages,_T,National,_T,No breakdown by disability,_Z,Not applicable,1994,,-1.49,,PERCENT,percent,,,E,Estimated value,,,Population projections (PDH.Stat),
DATAFLOW,SPC:DF_NMDI_POP(1.0),National Minimum Development Indicators (NMDI) for Population,I,A,Annual,NU,Niue,NMDI0002,Population growth (%),_T,Total,_T,All ages,_T,National,_T,No breakdown by disability,_Z,Not applicable,1995,,-1.72,,PERCENT,percent,,,E,Estimated value,,,Population projections (PDH.Stat),
DATAFLOW,SPC:DF_NMDI_POP(1.0),National Minimum Development Indicators (NMDI) for Population,I,A,Annual,NU,Niue,NMDI0002,Population growth (%),_T,Total,_T,All ages,_T,National,_T,No breakdown by disability,_Z,Not applicable,1996,,-1.54,,PERCENT,percent,,,E,Estimated value,,,Population projections (PDH.Stat),
DATAFLOW,SPC:DF_NMDI_POP(1.0),National Minimum Development Indicators (NMDI) for Population,I,A,Annual,NU,Niue,NMDI0002,Population growth (%),_T,Total,_T,All ages,_T,National,_T,No breakdown by disability,_Z,Not applicable,1997,,-1.74,,PERCENT,percent,,,E,Estimated value,,,Population projections (PDH.Stat),
DATAFLOW,SPC:DF_NMDI_POP(1.0),National Minimum Development Indicators (NMDI) for Population,I,A,Annual,NU,Niue,NMDI0002,Population growth (%),_T,Total,_T,All ages,_T,National,_T,No breakdown by disability,_Z,Not applicable,1998,,-2.21,,PERCENT,percent,,,E,Estimated value,,,Population projections (PDH.Stat),
DATAFLOW,SPC:DF_NMDI_POP(1.0),National Minimum Development Indicators (NMDI) for Population,I,A,Annual,NU,Niue,NMDI0002,Population growth (%),_T,Total,_T,All ages,_T,National,_T,No breakdown by disability,_Z,Not applicable,1999,,-2.98,,PERCENT,percent,,,E,Estimated value,,,Population projections (PDH.Stat),
DATAFLOW,SPC:DF_NMDI_POP(1.0),National Minimum Development Indicators (NMDI) for Population,I,A,Annual,NU,Niue,NMDI0002,Population growth (%),_T,Total,_T,All ages,_T,National,_T,No breakdown by disability,_Z,Not applicable,2000,,-2.89,,PERCENT,percent,,,E,Estimated value,,,Population projections (PDH.Stat),
DATAFLOW,SPC:DF_NMDI_POP(1.0),National Minimum Development Indicators (NMDI) for Population,I,A,Annual,NU,Niue,NMDI0002,Population growth (%),_T,Total,_T,All ages,_T,National,_T,No breakdown by disability,_Z,Not applicable,2001,,-2.59,,PERCENT,percent,,,E,Estimated value,,,Population projections (PDH.Stat),
DATAFLOW,SPC:DF_NMDI_POP(1.0),National Minimum Development Indicators (NMDI) for Population,I,A,Annual,NU,Niue,NMDI0002,Population growth (%),_T,Total,_T,All ages,_T,National,_T,No breakdown by disability,_Z,Not applicable,2002,,-2.31,,PERCENT,percent,,,E,Estimated value,,,Population projections (PDH.Stat),
DATAFLOW,SPC:DF_NMDI_POP(1.0),National Minimum Development Indicators (NMDI) for Population,I,A,Annual,NU,Niue,NMDI0002,Population growth (%),_T,Total,_T,All ages,_T,National,_T,No breakdown by disability,_Z,Not applicable,2003,,-1.86,,PERCENT,percent,,,E,Estimated value,,,Population projections (PDH.Stat),
DATAFLOW,SPC:DF_NMDI_POP(1.0),National Minimum Development Indicators (NMDI) for Population,I,A,Annual,NU,Niue,NMDI0002,Population growth (%),_T,Total,_T,All ages,_T,National,_T,No breakdown by disability,_Z,Not applicable,2004,,-1.95,,PERCENT,percent,,,E,Estimated value,,,Population projections (PDH.Stat),
DATAFLOW,SPC:DF_NMDI_POP(1.0),National Minimum Development Indicators (NMDI) for Population,I,A,Annual,NU,Niue,NMDI0002,Population growth (%),_T,Total,_T,All ages,_T,National,_T,No breakdown by disability,_Z,Not applicable,2005,,-2.04,,PERCENT,percent,,,E,Estimated value,,,Population projections (PDH.Stat),
DATAFLOW,SPC:DF_NMDI_POP(1.0),National Minimum Development Indicators (NMDI) for Population,I,A,Annual,NU,Niue,NMDI0002,Population growth (%),_T,Total,_T,All ages,_T,National,_T,No breakdown by disability,_Z,Not applicable,2006,,-1.5,,PERCENT,percent,,,E,Estimated value,,,Population projections (PDH.Stat),
DATAFLOW,SPC:DF_NMDI_POP(1.0),National Minimum Development Indicators (NMDI) for Population,I,A,Annual,NU,Niue,NMDI0002,Population growth (%),_T,Total,_T,All ages,_T,National,_T,No breakdown by disability,_Z,Not applicable,2007,,-0.87,,PERCENT,percent,,,E,Estimated value,,,Population projections (PDH.Stat),
DATAFLOW,SPC:DF_NMDI_POP(1.0),National Minimum Development Indicators (NMDI) for Population,I,A,Annual,NU,Niue,NMDI0002,Population growth (%),_T,Total,_T,All ages,_T,National,_T,No breakdown by disability,_Z,Not applicable,2008,,-0.38,,PERCENT,percent,,,E,Estimated value,,,Population projections (PDH.Stat),
DATAFLOW,SPC:DF_NMDI_POP(1.0),National Minimum Development Indicators (NMDI) for Population,I,A,Annual,NU,Niue,NMDI0002,Population growth (%),_T,Total,_T,All ages,_T,National,_T,No breakdown by disability,_Z,Not applicable,2009,,-0.16,,PERCENT,percent,,,E,Estimated value,,,Population projections (PDH.Stat),
DATAFLOW,SPC:DF_NMDI_POP(1.0),National Minimum Development Indicators (NMDI) for Population,I,A,Annual,NU,Niue,NMDI0002,Population growth (%),_T,Total,_T,All ages,_T,National,_T,No breakdown by disability,_Z,Not applicable,2010,,-0.5,,PERCENT,percent,,,E,Estimated value,,,Population projections (PDH.Stat),
DATAFLOW,SPC:DF_NMDI_POP(1.0),National Minimum Development Indicators (NMDI) for Population,I,A,Annual,NU,Niue,NMDI0002,Population growth (%),_T,Total,_T,All ages,_T,National,_T,No breakdown by disability,_Z,Not applicable,2011,,-0.66,,PERCENT,percent,,,E,Estimated value,,,Population projections (PDH.Stat),
DATAFLOW,SPC:DF_NMDI_POP(1.0),National Minimum Development Indicators (NMDI) for Population,I,A,Annual,NU,Niue,NMDI0002,Population growth (%),_T,Total,_T,All ages,_T,National,_T,No breakdown by disability,_Z,Not applicable,2012,,0,,PERCENT,percent,,,E,Estimated value,,,Population projections (PDH.Stat),
DATAFLOW,SPC:DF_NMDI_POP(1.0),National Minimum Development Indicators (NMDI) for Population,I,A,Annual,NU,Niue,NMDI0002,Population growth (%),_T,Total,_T,All ages,_T,National,_T,No breakdown by disability,_Z,Not applicable,2013,,0.22,,PERCENT,percent,,,E,Estimated value,,,Population projections (PDH.Stat),
DATAFLOW,SPC:DF_NMDI_POP(1.0),National Minimum Development Indicators (NMDI) for Population,I,A,Annual,NU,Niue,NMDI0002,Population growth (%),_T,Total,_T,All ages,_T,National,_T,No breakdown by disability,_Z,Not applicable,2014,,0.56,,PERCENT,percent,,,E,Estimated value,,,Population projections (PDH.Stat),
DATAFLOW,SPC:DF_NMDI_POP(1.0),National Minimum Development Indicators (NMDI) for Population,I,A,Annual,NU,Niue,NMDI0002,Population growth (%),_T,Total,_T,All ages,_T,National,_T,No breakdown by disability,_Z,Not applicable,2015,,0.77,,PERCENT,percent,,,E,Estimated value,,,Population projections (PDH.Stat),
DATAFLOW,SPC:DF_NMDI_POP(1.0),National Minimum Development Indicators (NMDI) for Population,I,A,Annual,NU,Niue,NMDI0002,Population growth (%),_T,Total,_T,All ages,_T,National,_T,No breakdown by disability,_Z,Not applicable,2016,,-0.16,,PERCENT,percent,,,E,Estimated value,,,Population projections (PDH.Stat),
DATAFLOW,SPC:DF_NMDI_POP(1.0),National Minimum Development Indicators (NMDI) for Population,I,A,Annual,NU,Niue,NMDI0002,Population growth (%),_T,Total,_T,All ages,_T,National,_T,No breakdown by disability,_Z,Not applicable,2017,,0.16,,PERCENT,percent,,,E,Estimated value,,,Population projections (PDH.Stat),
DATAFLOW,SPC:DF_NMDI_POP(1.0),National Minimum Development Indicators (NMDI) for Population,I,A,Annual,NU,Niue,NMDI0002,Population growth (%),_T,Total,_T,All ages,_T,National,_T,No breakdown by disability,_Z,Not applicable,2018,,0.27,,PERCENT,percent,,,E,Estimated value,,,Population projections (PDH.Stat),
DATAFLOW,SPC:DF_NMDI_POP(1.0),National Minimum Development Indicators (NMDI) for Population,I,A,Annual,NU,Niue,NMDI0002,Population growth (%),_T,Total,_T,All ages,_T,National,_T,No breakdown by disability,_Z,Not applicable,2019,,0.27,,PERCENT,percent,,,E,Estimated value,,,Population projections (PDH.Stat),
DATAFLOW,SPC:DF_NMDI_POP(1.0),National Minimum Development Indicators (NMDI) for Population,I,A,Annual,NU,Niue,NMDI0002,Population growth (%),_T,Total,_T,All ages,_T,National,_T,No breakdown by disability,_Z,Not applicable,2020,,0.33,,PERCENT,percent,,,E,Estimated value,,,Population projections (PDH.Stat),
DATAFLOW,SPC:DF_NMDI_POP(1.0),National Minimum Development Indicators (NMDI) for Population,I,A,Annual,NU,Niue,NMDI0002,Population growth (%),_T,Total,_T,All ages,_T,National,_T,No breakdown by disability,_Z,Not applicable,2021,,0.87,,PERCENT,percent,,,E,Estimated value,,,Population projections (PDH.Stat),
DATAFLOW,SPC:DF_NMDI_POP(1.0),National Minimum Development Indicators (NMDI) for Population,I,A,Annual,NU,Niue,NMDI0002,Population growth (%),_T,Total,_T,All ages,_T,National,_T,No breakdown by disability,_Z,Not applicable,2022,,0.65,,PERCENT,percent,,,E,Estimated value,,,Population projections (PDH.Stat),
DATAFLOW,SPC:DF_NMDI_POP(1.0),National Minimum Development Indicators (NMDI) for Population,I,A,Annual,NU,Niue,NMDI0002,Population growth (%),_T,Total,_T,All ages,_T,National,_T,No breakdown by disability,_Z,Not applicable,2023,,-0.21,,PERCENT,percent,,,E,Estimated value,,,Population projections (PDH.Stat),
DATAFLOW,SPC:DF_NMDI_POP(1.0),National Minimum Development Indicators (NMDI) for Population,I,A,Annual,NU,Niue,NMDI0002,Population growth (%),_T,Total,_T,All ages,_T,National,_T,No breakdown by disability,_Z,Not applicable,2024,,-2.68,,PERCENT,percent,,,E,Estimated value,,,Population projections (PDH.Stat),
DATAFLOW,SPC:DF_NMDI_POP(1.0),National Minimum Development Indicators (NMDI) for Population,I,A,Annual,NU,Niue,NMDI0002,Population growth (%),_T,Total,_T,All ages,_T,National,_T,No breakdown by disability,_Z,Not applicable,2025,,0.39,,PERCENT,percent,,,E,Estimated value,,,Population projections (PDH.Stat),
DATAFLOW,SPC:DF_NMDI_POP(1.0),National Minimum Development Indicators (NMDI) for Population,I,A,Annual,TV,Tuvalu,NMDI0002,Population growth (%),_T,Total,_T,All ages,_T,National,_T,No breakdown by disability,_Z,Not applicable,1990,,1.6,,PERCENT,percent,,,E,Estimated value,,,Population projections (PDH.Stat),
DATAFLOW,SPC:DF_NMDI_POP(1.0),National Minimum Development Indicators (NMDI) for Population,I,A,Annual,TV,Tuvalu,NMDI0002,Population growth (%),_T,Total,_T,All ages,_T,National,_T,No breakdown by disability,_Z,Not applicable,1991,,1.48,,PERCENT,percent,,,E,Estimated value,,,Population projections (PDH.Stat),
DATAFLOW,SPC:DF_NMDI_POP(1.0),National Minimum Development Indicators (NMDI) for Population,I,A,Annual,TV,Tuvalu,NMDI0002,Population growth (%),_T,Total,_T,All ages,_T,National,_T,No breakdown by disability,_Z,Not applicable,1992,,1.16,,PERCENT,percent,,,E,Estimated value,,,Population projections (PDH.Stat),
DATAFLOW,SPC:DF_NMDI_POP(1.0),National Minimum Development Indicators (NMDI) for Population,I,A,Annual,TV,Tuvalu,NMDI0002,Population growth (%),_T,Total,_T,All ages,_T,National,_T,No breakdown by disability,_Z,Not applicable,1993,,0.98,,PERCENT,percent,,,E,Estimated value,,,Population projections (PDH.Stat),
DATAFLOW,SPC:DF_NMDI_POP(1.0),National Minimum Development Indicators (NMDI) for Population,I,A,Annual,TV,Tuvalu,NMDI0002,Population growth (%),_T,Total,_T,All ages,_T,National,_T,No breakdown by disability,_Z,Not applicable,1994,,0.93,,PERCENT,percent,,,E,Estimated value,,,Population projections (PDH.Stat),
DATAFLOW,SPC:DF_NMDI_POP(1.0),National Minimum Development Indicators (NMDI) for Population,I,A,Annual,TV,Tuvalu,NMDI0002,Population growth (%),_T,Total,_T,All ages,_T,National,_T,No breakdown by disability,_Z,Not applicable,1995,,0.77,,PERCENT,percent,,,E,Estimated value,,,Population projections (PDH.Stat),
DATAFLOW,SPC:DF_NMDI_POP(1.0),National Minimum Development Indicators (NMDI) for Population,I,A,Annual,TV,Tuvalu,NMDI0002,Population growth (%),_T,Total,_T,All ages,_T,National,_T,No breakdown by disability,_Z,Not applicable,1996,,0.64,,PERCENT,percent,,,E,Estimated value,,,Population projections (PDH.Stat),
DATAFLOW,SPC:DF_NMDI_POP(1.0),National Minimum Development Indicators (NMDI) for Population,I,A,Annual,TV,Tuvalu,NMDI0002,Population growth (%),_T,Total,_T,All ages,_T,National,_T,No breakdown by disability,_Z,Not applicable,1997,,0.66,,PERCENT,percent,,,E,Estimated value,,,Population projections (PDH.Stat),
DATAFLOW,SPC:DF_NMDI_POP(1.0),National Minimum Development Indicators (NMDI) for Population,I,A,Annual,TV,Tuvalu,NMDI0002,Population growth (%),_T,Total,_T,All ages,_T,National,_T,No breakdown by disability,_Z,Not applicable,1998,,0.5,,PERCENT,percent,,,E,Estimated value,,,Population projections (PDH.Stat),
DATAFLOW,SPC:DF_NMDI_POP(1.0),National Minimum Development Indicators (NMDI) for Population,I,A,Annual,TV,Tuvalu,NMDI0002,Population growth (%),_T,Total,_T,All ages,_T,National,_T,No breakdown by disability,_Z,Not applicable,1999,,0.48,,PERCENT,percent,,,E,Estimated value,,,Population projections (PDH.Stat),
DATAFLOW,SPC:DF_NMDI_POP(1.0),National Minimum Development Indicators (NMDI) for Population,I,A,Annual,TV,Tuvalu,NMDI0002,Population growth (%),_T,Total,_T,All ages,_T,National,_T,No breakdown by disability,_Z,Not applicable,2000,,0.51,,PERCENT,percent,,,E,Estimated value,,,Population projections (PDH.Stat),
DATAFLOW,SPC:DF_NMDI_POP(1.0),National Minimum Development Indicators (NMDI) for Population,I,A,Annual,TV,Tuvalu,NMDI0002,Population growth (%),_T,Total,_T,All ages,_T,National,_T,No breakdown by disability,_Z,Not applicable,2001,,0.38,,PERCENT,percent,,,E,Estimated value,,,Population projections (PDH.Stat),
DATAFLOW,SPC:DF_NMDI_POP(1.0),National Minimum Development Indicators (NMDI) for Population,I,A,Annual,TV,Tuvalu,NMDI0002,Population growth (%),_T,Total,_T,All ages,_T,National,_T,No breakdown by disability,_Z,Not applicable,2002,,0.44,,PERCENT,percent,,,E,Estimated value,,,Population projections (PDH.Stat),
DATAFLOW,SPC:DF_NMDI_POP(1.0),National Minimum Development Indicators (NMDI) for Population,I,A,Annual,TV,Tuvalu,NMDI0002,Population growth (%),_T,Total,_T,All ages,_T,National,_T,No breakdown by disability,_Z,Not applicable,2003,,0.75,,PERCENT,percent,,,E,Estimated value,,,Population projections (PDH.Stat),
DATAFLOW,SPC:DF_NMDI_POP(1.0),National Minimum Development Indicators (NMDI) for Population,I,A,Annual,TV,Tuvalu,NMDI0002,Population growth (%),_T,Total,_T,All ages,_T,National,_T,No breakdown by disability,_Z,Not applicable,2004,,1.32,,PERCENT,percent,,,E,Estimated value,,,Population projections (PDH.Stat),
DATAFLOW,SPC:DF_NMDI_POP(1.0),National Minimum Development Indicators (NMDI) for Population,I,A,Annual,TV,Tuvalu,NMDI0002,Population growth (%),_T,Total,_T,All ages,_T,National,_T,No breakdown by disability,_Z,Not applicable,2005,,1.2,,PERCENT,percent,,,E,Estimated value,,,Population projections (PDH.Stat),
DATAFLOW,SPC:DF_NMDI_POP(1.0),National Minimum Development Indicators (NMDI) for Population,I,A,Annual,TV,Tuvalu,NMDI0002,Population growth (%),_T,Total,_T,All ages,_T,National,_T,No breakdown by disability,_Z,Not applicable,2006,,1.17,,PERCENT,percent,,,E,Estimated value,,,Population projections (PDH.Stat),
DATAFLOW,SPC:DF_NMDI_POP(1.0),National Minimum Development Indicators (NMDI) for Population,I,A,Annual,TV,Tuvalu,NMDI0002,Population growth (%),_T,Total,_T,All ages,_T,National,_T,No breakdown by disability,_Z,Not applicable,2007,,1.23,,PERCENT,percent,,,E,Estimated value,,,Population projections (PDH.Stat),
DATAFLOW,SPC:DF_NMDI_POP(1.0),National Minimum Development Indicators (NMDI) for Population,I,A,Annual,TV,Tuvalu,NMDI0002,Population growth (%),_T,Total,_T,All ages,_T,National,_T,No breakdown by disability,_Z,Not applicable,2008,,1.35,,PERCENT,percent,,,E,Estimated value,,,Population projections (PDH.Stat),
DATAFLOW,SPC:DF_NMDI_POP(1.0),National Minimum Development Indicators (NMDI) for Population,I,A,Annual,TV,Tuvalu,NMDI0002,Population growth (%),_T,Total,_T,All ages,_T,National,_T,No breakdown by disability,_Z,Not applicable,2009,,1.41,,PERCENT,percent,,,E,Estimated value,,,Population projections (PDH.Stat),
DATAFLOW,SPC:DF_NMDI_POP(1.0),National Minimum Development Indicators (NMDI) for Population,I,A,Annual,TV,Tuvalu,NMDI0002,Population growth (%),_T,Total,_T,All ages,_T,National,_T,No breakdown by disability,_Z,Not applicable,2010,,1.41,,PERCENT,percent,,,E,Estimated value,,,Population projections (PDH.Stat),
DATAFLOW,SPC:DF_NMDI_POP(1.0),National Minimum Development Indicators (NMDI) for Population,I,A,Annual,TV,Tuvalu,NMDI0002,Population growth (%),_T,Total,_T,All ages,_T,National,_T,No breakdown by disability,_Z,Not applicable,2011,,1.59,,PERCENT,percent,,,E,Estimated value,,,Population projections (PDH.Stat),
DATAFLOW,SPC:DF_NMDI_POP(1.0),National Minimum Development Indicators (NMDI) for Population,I,A,Annual,TV,Tuvalu,NMDI0002,Population growth (%),_T,Total,_T,All ages,_T,National,_T,No breakdown by disability,_Z,Not applicable,2012,,1.38,,PERCENT,percent,,,E,Estimated value,,,Population projections (PDH.Stat),
DATAFLOW,SPC:DF_NMDI_POP(1.0),National Minimum Development Indicators (NMDI) for Population,I,A,Annual,TV,Tuvalu,NMDI0002,Population growth (%),_T,Total,_T,All ages,_T,National,_T,No breakdown by disability,_Z,Not applicable,2013,,0.61,,PERCENT,percent,,,E,Estimated value,,,Population projections (PDH.Stat),
DATAFLOW,SPC:DF_NMDI_POP(1.0),National Minimum Development Indicators (NMDI) for Population,I,A,Annual,TV,Tuvalu,NMDI0002,Population growth (%),_T,Total,_T,All ages,_T,National,_T,No breakdown by disability,_Z,Not applicable,2014,,-0.13,,PERCENT,percent,,,E,Estimated value,,,Population projections (PDH.Stat),
DATAFLOW,SPC:DF_NMDI_POP(1.0),National Minimum Development Indicators (NMDI) for Population,I,A,Annual,TV,Tuvalu,NMDI0002,Population growth (%),_T,Total,_T,All ages,_T,National,_T,No breakdown by disability,_Z,Not applicable,2015,,-0.23,,PERCENT,percent,,,E,Estimated value,,,Population projections (PDH.Stat),
DATAFLOW,SPC:DF_NMDI_POP(1.0),National Minimum Development Indicators (NMDI) for Population,I,A,Annual,TV,Tuvalu,NMDI0002,Population growth (%),_T,Total,_T,All ages,_T,National,_T,No breakdown by disability,_Z,Not applicable,2016,,-0.26,,PERCENT,percent,,,E,Estimated value,,,Population projections (PDH.Stat),
DATAFLOW,SPC:DF_NMDI_POP(1.0),National Minimum Development Indicators (NMDI) for Population,I,A,Annual,TV,Tuvalu,NMDI0002,Population growth (%),_T,Total,_T,All ages,_T,National,_T,No breakdown by disability,_Z,Not applicable,2017,,-0.55,,PERCENT,percent,,,E,Estimated value,,,Population projections (PDH.Stat),
DATAFLOW,SPC:DF_NMDI_POP(1.0),National Minimum Development Indicators (NMDI) for Population,I,A,Annual,TV,Tuvalu,NMDI0002,Population growth (%),_T,Total,_T,All ages,_T,National,_T,No breakdown by disability,_Z,Not applicable,2018,,-1.1,,PERCENT,percent,,,E,Estimated value,,,Population projections (PDH.Stat),
DATAFLOW,SPC:DF_NMDI_POP(1.0),National Minimum Development Indicators (NMDI) for Population,I,A,Annual,TV,Tuvalu,NMDI0002,Population growth (%),_T,Total,_T,All ages,_T,National,_T,No breakdown by disability,_Z,Not applicable,2019,,-1.55,,PERCENT,percent,,,E,Estimated value,,,Population projections (PDH.Stat),
DATAFLOW,SPC:DF_NMDI_POP(1.0),National Minimum Development Indicators (NMDI) for Population,I,A,Annual,TV,Tuvalu,NMDI0002,Population growth (%),_T,Total,_T,All ages,_T,National,_T,No breakdown by disability,_Z,Not applicable,2020,,-1.69,,PERCENT,percent,,,E,Estimated value,,,Population projections (PDH.Stat),
DATAFLOW,SPC:DF_NMDI_POP(1.0),National Minimum Development Indicators (NMDI) for Population,I,A,Annual,TV,Tuvalu,NMDI0002,Population growth (%),_T,Total,_T,All ages,_T,National,_T,No breakdown by disability,_Z,Not applicable,2021,,-1.95,,PERCENT,percent,,,E,Estimated value,,,Population projections (PDH.Stat),
DATAFLOW,SPC:DF_NMDI_POP(1.0),National Minimum Development Indicators (NMDI) for Population,I,A,Annual,TV,Tuvalu,NMDI0002,Population growth (%),_T,Total,_T,All ages,_T,National,_T,No breakdown by disability,_Z,Not applicable,2022,,-1.95,,PERCENT,percent,,,E,Estimated value,,,Population projections (PDH.Stat),
DATAFLOW,SPC:DF_NMDI_POP(1.0),National Minimum Development Indicators (NMDI) for Population,I,A,Annual,TV,Tuvalu,NMDI0002,Population growth (%),_T,Total,_T,All ages,_T,National,_T,No breakdown by disability,_Z,Not applicable,2023,,-1.8,,PERCENT,percent,,,E,Estimated value,,,Population projections (PDH.Stat),
DATAFLOW,SPC:DF_NMDI_POP(1.0),National Minimum Development Indicators (NMDI) for Population,I,A,Annual,TV,Tuvalu,NMDI0002,Population growth (%),_T,Total,_T,All ages,_T,National,_T,No breakdown by disability,_Z,Not applicable,2024,,-1.36,,PERCENT,percent,,,E,Estimated value,,,Population projections (PDH.Stat),
DATAFLOW,SPC:DF_NMDI_POP(1.0),National Minimum Development Indicators (NMDI) for Population,I,A,Annual,TV,Tuvalu,NMDI0002,Population growth (%),_T,Total,_T,All ages,_T,National,_T,No breakdown by disability,_Z,Not applicable,2025,,-1.68,,PERCENT,percent,,,E,Estimated value,,,Population projections (PDH.Stat),
DATAFLOW,SPC:DF_NMDI_POP(1.0),National Minimum Development Indicators (NMDI) for Population,I,A,Annual,PF,French Polynesia,NMDI0002,Population growth (%),_T,Total,_T,All ages,_T,National,_T,No breakdown by disability,_Z,Not applicable,1990,,2.07,,PERCENT,percent,,,E,Estimated value,,,Population projections (PDH.Stat),
DATAFLOW,SPC:DF_NMDI_POP(1.0),National Minimum Development Indicators (NMDI) for Population,I,A,Annual,PF,French Polynesia,NMDI0002,Population growth (%),_T,Total,_T,All ages,_T,National,_T,No breakdown by disability,_Z,Not applicable,1991,,1.95,,PERCENT,percent,,,E,Estimated value,,,Population projections (PDH.Stat),
DATAFLOW,SPC:DF_NMDI_POP(1.0),National Minimum Development Indicators (NMDI) for Population,I,A,Annual,PF,French Polynesia,NMDI0002,Population growth (%),_T,Total,_T,All ages,_T,National,_T,No breakdown by disability,_Z,Not applicable,1992,,1.83,,PERCENT,percent,,,E,Estimated value,,,Population projections (PDH.Stat),
DATAFLOW,SPC:DF_NMDI_POP(1.0),National Minimum Development Indicators (NMDI) for Population,I,A,Annual,PF,French Polynesia,NMDI0002,Population growth (%),_T,Total,_T,All ages,_T,National,_T,No breakdown by disability,_Z,Not applicable,1993,,1.73,,PERCENT,percent,,,E,Estimated value,,,Population projections (PDH.Stat),
DATAFLOW,SPC:DF_NMDI_POP(1.0),National Minimum Development Indicators (NMDI) for Population,I,A,Annual,PF,French Polynesia,NMDI0002,Population growth (%),_T,Total,_T,All ages,_T,National,_T,No breakdown by disability,_Z,Not applicable,1994,,1.64,,PERCENT,percent,,,E,Estimated value,,,Population projections (PDH.Stat),
DATAFLOW,SPC:DF_NMDI_POP(1.0),National Minimum Development Indicators (NMDI) for Population,I,A,Annual,PF,French Polynesia,NMDI0002,Population growth (%),_T,Total,_T,All ages,_T,National,_T,No breakdown by disability,_Z,Not applicable,1995,,1.55,,PERCENT,percent,,,E,Estimated value,,,Population projections (PDH.Stat),
DATAFLOW,SPC:DF_NMDI_POP(1.0),National Minimum Development Indicators (NMDI) for Population,I,A,Annual,PF,French Polynesia,NMDI0002,Population growth (%),_T,Total,_T,All ages,_T,National,_T,No breakdown by disability,_Z,Not applicable,1996,,1.52,,PERCENT,percent,,,E,Estimated value,,,Population projections (PDH.Stat),
DATAFLOW,SPC:DF_NMDI_POP(1.0),National Minimum Development Indicators (NMDI) for Population,I,A,Annual,PF,French Polynesia,NMDI0002,Population growth (%),_T,Total,_T,All ages,_T,National,_T,No breakdown by disability,_Z,Not applicable,1997,,1.61,,PERCENT,percent,,,E,Estimated value,,,Population projections (PDH.Stat),
DATAFLOW,SPC:DF_NMDI_POP(1.0),National Minimum Development Indicators (NMDI) for Population,I,A,Annual,PF,French Polynesia,NMDI0002,Population growth (%),_T,Total,_T,All ages,_T,National,_T,No breakdown by disability,_Z,Not applicable,1998,,1.64,,PERCENT,percent,,,E,Estimated value,,,Population projections (PDH.Stat),
DATAFLOW,SPC:DF_NMDI_POP(1.0),National Minimum Development Indicators (NMDI) for Population,I,A,Annual,PF,French Polynesia,NMDI0002,Population growth (%),_T,Total,_T,All ages,_T,National,_T,No breakdown by disability,_Z,Not applicable,1999,,1.59,,PERCENT,percent,,,E,Estimated value,,,Population projections (PDH.Stat),
DATAFLOW,SPC:DF_NMDI_POP(1.0),National Minimum Development Indicators (NMDI) for Population,I,A,Annual,PF,French Polynesia,NMDI0002,Population growth (%),_T,Total,_T,All ages,_T,National,_T,No breakdown by disability,_Z,Not applicable,2000,,1.58,,PERCENT,percent,,,E,Estimated value,,,Population projections (PDH.Stat),
DATAFLOW,SPC:DF_NMDI_POP(1.0),National Minimum Development Indicators (NMDI) for Population,I,A,Annual,PF,French Polynesia,NMDI0002,Population growth (%),_T,Total,_T,All ages,_T,National,_T,No breakdown by disability,_Z,Not applicable,2001,,1.56,,PERCENT,percent,,,E,Estimated value,,,Population projections (PDH.Stat),
DATAFLOW,SPC:DF_NMDI_POP(1.0),National Minimum Development Indicators (NMDI) for Population,I,A,Annual,PF,French Polynesia,NMDI0002,Population growth (%),_T,Total,_T,All ages,_T,National,_T,No breakdown by disability,_Z,Not applicable,2002,,1.51,,PERCENT,percent,,,E,Estimated value,,,Population projections (PDH.Stat),
DATAFLOW,SPC:DF_NMDI_POP(1.0),National Minimum Development Indicators (NMDI) for Population,I,A,Annual,PF,French Polynesia,NMDI0002,Population growth (%),_T,Total,_T,All ages,_T,National,_T,No breakdown by disability,_Z,Not applicable,2003,,1.56,,PERCENT,percent,,,E,Estimated value,,,Population projections (PDH.Stat),
DATAFLOW,SPC:DF_NMDI_POP(1.0),National Minimum Development Indicators (NMDI) for Population,I,A,Annual,PF,French Polynesia,NMDI0002,Population growth (%),_T,Total,_T,All ages,_T,National,_T,No breakdown by disability,_Z,Not applicable,2004,,1.59,,PERCENT,percent,,,E,Estimated value,,,Population projections (PDH.Stat),
DATAFLOW,SPC:DF_NMDI_POP(1.0),National Minimum Development Indicators (NMDI) for Population,I,A,Annual,PF,French Polynesia,NMDI0002,Population growth (%),_T,Total,_T,All ages,_T,National,_T,No breakdown by disability,_Z,Not applicable,2005,,1.5,,PERCENT,percent,,,E,Estimated value,,,Population projections (PDH.Stat),
DATAFLOW,SPC:DF_NMDI_POP(1.0),National Minimum Development Indicators (NMDI) for Population,I,A,Annual,PF,French Polynesia,NMDI0002,Population growth (%),_T,Total,_T,All ages,_T,National,_T,No breakdown by disability,_Z,Not applicable,2006,,1.43,,PERCENT,percent,,,E,Estimated value,,,Population projections (PDH.Stat),
DATAFLOW,SPC:DF_NMDI_POP(1.0),National Minimum Development Indicators (NMDI) for Population,I,A,Annual,PF,French Polynesia,NMDI0002,Population growth (%),_T,Total,_T,All ages,_T,National,_T,No breakdown by disability,_Z,Not applicable,2007,,1.22,,PERCENT,percent,,,E,Estimated value,,,Population projections (PDH.Stat),
DATAFLOW,SPC:DF_NMDI_POP(1.0),National Minimum Development Indicators (NMDI) for Population,I,A,Annual,PF,French Polynesia,NMDI0002,Population growth (%),_T,Total,_T,All ages,_T,National,_T,No breakdown by disability,_Z,Not applicable,2008,,0.73,,PERCENT,percent,,,E,Estimated value,,,Population projections (PDH.Stat),
DATAFLOW,SPC:DF_NMDI_POP(1.0),National Minimum Development Indicators (NMDI) for Population,I,A,Annual,PF,French Polynesia,NMDI0002,Population growth (%),_T,Total,_T,All ages,_T,National,_T,No breakdown by disability,_Z,Not applicable,2009,,0.41,,PERCENT,percent,,,E,Estimated value,,,Population projections (PDH.Stat),
DATAFLOW,SPC:DF_NMDI_POP(1.0),National Minimum Development Indicators (NMDI) for Population,I,A,Annual,PF,French Polynesia,NMDI0002,Population growth (%),_T,Total,_T,All ages,_T,National,_T,No breakdown by disability,_Z,Not applicable,2010,,0.41,,PERCENT,percent,,,E,Estimated value,,,Population projections (PDH.Stat),
DATAFLOW,SPC:DF_NMDI_POP(1.0),National Minimum Development Indicators (NMDI) for Population,I,A,Annual,PF,French Polynesia,NMDI0002,Population growth (%),_T,Total,_T,All ages,_T,National,_T,No breakdown by disability,_Z,Not applicable,2011,,0.42,,PERCENT,percent,,,E,Estimated value,,,Population projections (PDH.Stat),
DATAFLOW,SPC:DF_NMDI_POP(1.0),National Minimum Development Indicators (NMDI) for Population,I,A,Annual,PF,French Polynesia,NMDI0002,Population growth (%),_T,Total,_T,All ages,_T,National,_T,No breakdown by disability,_Z,Not applicable,2012,,0.5,,PERCENT,percent,,,E,Estimated value,,,Population projections (PDH.Stat),
DATAFLOW,SPC:DF_NMDI_POP(1.0),National Minimum Development Indicators (NMDI) for Population,I,A,Annual,PF,French Polynesia,NMDI0002,Population growth (%),_T,Total,_T,All ages,_T,National,_T,No breakdown by disability,_Z,Not applicable,2013,,0.6,,PERCENT,percent,,,E,Estimated value,,,Population projections (PDH.Stat),
DATAFLOW,SPC:DF_NMDI_POP(1.0),National Minimum Development Indicators (NMDI) for Population,I,A,Annual,PF,French Polynesia,NMDI0002,Population growth (%),_T,Total,_T,All ages,_T,National,_T,No breakdown by disability,_Z,Not applicable,2014,,0.6,,PERCENT,percent,,,E,Estimated value,,,Population projections (PDH.Stat),
DATAFLOW,SPC:DF_NMDI_POP(1.0),National Minimum Development Indicators (NMDI) for Population,I,A,Annual,PF,French Polynesia,NMDI0002,Population growth (%),_T,Total,_T,All ages,_T,National,_T,No breakdown by disability,_Z,Not applicable,2015,,0.54,,PERCENT,percent,,,E,Estimated value,,,Population projections (PDH.Stat),
DATAFLOW,SPC:DF_NMDI_POP(1.0),National Minimum Development Indicators (NMDI) for Population,I,A,Annual,PF,French Polynesia,NMDI0002,Population growth (%),_T,Total,_T,All ages,_T,National,_T,No breakdown by disability,_Z,Not applicable,2016,,0.47,,PERCENT,percent,,,E,Estimated value,,,Population projections (PDH.Stat),
DATAFLOW,SPC:DF_NMDI_POP(1.0),National Minimum Development Indicators (NMDI) for Population,I,A,Annual,PF,French Polynesia,NMDI0002,Population growth (%),_T,Total,_T,All ages,_T,National,_T,No breakdown by disability,_Z,Not applicable,2017,,0.32,,PERCENT,percent,,,E,Estimated value,,,Population projections (PDH.Stat),
DATAFLOW,SPC:DF_NMDI_POP(1.0),National Minimum Development Indicators (NMDI) for Population,I,A,Annual,PF,French Polynesia,NMDI0002,Population growth (%),_T,Total,_T,All ages,_T,National,_T,No breakdown by disability,_Z,Not applicable,2018,,-0.1,,PERCENT,percent,,,E,Estimated value,,,Population projections (PDH.Stat),
DATAFLOW,SPC:DF_NMDI_POP(1.0),National Minimum Development Indicators (NMDI) for Population,I,A,Annual,PF,French Polynesia,NMDI0002,Population growth (%),_T,Total,_T,All ages,_T,National,_T,No breakdown by disability,_Z,Not applicable,2019,,-0.28,,PERCENT,percent,,,E,Estimated value,,,Population projections (PDH.Stat),
DATAFLOW,SPC:DF_NMDI_POP(1.0),National Minimum Development Indicators (NMDI) for Population,I,A,Annual,PF,French Polynesia,NMDI0002,Population growth (%),_T,Total,_T,All ages,_T,National,_T,No breakdown by disability,_Z,Not applicable,2020,,0.06,,PERCENT,percent,,,E,Estimated value,,,Population projections (PDH.Stat),
DATAFLOW,SPC:DF_NMDI_POP(1.0),National Minimum Development Indicators (NMDI) for Population,I,A,Annual,PF,French Polynesia,NMDI0002,Population growth (%),_T,Total,_T,All ages,_T,National,_T,No breakdown by disability,_Z,Not applicable,2021,,0.21,,PERCENT,percent,,,E,Estimated value,,,Population projections (PDH.Stat),
DATAFLOW,SPC:DF_NMDI_POP(1.0),National Minimum Development Indicators (NMDI) for Population,I,A,Annual,PF,French Polynesia,NMDI0002,Population growth (%),_T,Total,_T,All ages,_T,National,_T,No breakdown by disability,_Z,Not applicable,2022,,0.21,,PERCENT,percent,,,E,Estimated value,,,Population projections (PDH.Stat),
DATAFLOW,SPC:DF_NMDI_POP(1.0),National Minimum Development Indicators (NMDI) for Population,I,A,Annual,PF,French Polynesia,NMDI0002,Population growth (%),_T,Total,_T,All ages,_T,National,_T,No breakdown by disability,_Z,Not applicable,2023,,0.26,,PERCENT,percent,,,E,Estimated value,,,Population projections (PDH.Stat),
DATAFLOW,SPC:DF_NMDI_POP(1.0),National Minimum Development Indicators (NMDI) for Population,I,A,Annual,PF,French Polynesia,NMDI0002,Population growth (%),_T,Total,_T,All ages,_T,National,_T,No breakdown by disability,_Z,Not applicable,2024,,0.11,,PERCENT,percent,,,E,Estimated value,,,Population projections (PDH.Stat),
DATAFLOW,SPC:DF_NMDI_POP(1.0),National Minimum Development Indicators (NMDI) for Population,I,A,Annual,PF,French Polynesia,NMDI0002,Population growth (%),_T,Total,_T,All ages,_T,National,_T,No breakdown by disability,_Z,Not applicable,2025,,0.24,,PERCENT,percent,,,E,Estimated value,,,Population projections (PDH.Stat),
DATAFLOW,SPC:DF_NMDI_POP(1.0),National Minimum Development Indicators (NMDI) for Population,I,A,Annual,TO,Tonga,NMDI0002,Population growth (%),_T,Total,_T,All ages,_T,National,_T,No breakdown by disability,_Z,Not applicable,1990,,0.29,,PERCENT,percent,,,E,Estimated value,,,Population projections (PDH.Stat),
DATAFLOW,SPC:DF_NMDI_POP(1.0),National Minimum Development Indicators (NMDI) for Population,I,A,Annual,TO,Tonga,NMDI0002,Population growth (%),_T,Total,_T,All ages,_T,National,_T,No breakdown by disability,_Z,Not applicable,1991,,0.2,,PERCENT,percent,,,E,Estimated value,,,Population projections (PDH.Stat),
DATAFLOW,SPC:DF_NMDI_POP(1.0),National Minimum Development Indicators (NMDI) for Population,I,A,Annual,TO,Tonga,NMDI0002,Population growth (%),_T,Total,_T,All ages,_T,National,_T,No breakdown by disability,_Z,Not applicable,1992,,0.12,,PERCENT,percent,,,E,Estimated value,,,Population projections (PDH.Stat),
DATAFLOW,SPC:DF_NMDI_POP(1.0),National Minimum Development Indicators (NMDI) for Population,I,A,Annual,TO,Tonga,NMDI0002,Population growth (%),_T,Total,_T,All ages,_T,National,_T,No breakdown by disability,_Z,Not applicable,1993,,0.09,,PERCENT,percent,,,E,Estimated value,,,Population projections (PDH.Stat),
DATAFLOW,SPC:DF_NMDI_POP(1.0),National Minimum Development Indicators (NMDI) for Population,I,A,Annual,TO,Tonga,NMDI0002,Population growth (%),_T,Total,_T,All ages,_T,National,_T,No breakdown by disability,_Z,Not applicable,1994,,0.07,,PERCENT,percent,,,E,Estimated value,,,Population projections (PDH.Stat),
DATAFLOW,SPC:DF_NMDI_POP(1.0),National Minimum Development Indicators (NMDI) for Population,I,A,Annual,TO,Tonga,NMDI0002,Population growth (%),_T,Total,_T,All ages,_T,National,_T,No breakdown by disability,_Z,Not applicable,1995,,0.05,,PERCENT,percent,,,E,Estimated value,,,Population projections (PDH.Stat),
DATAFLOW,SPC:DF_NMDI_POP(1.0),National Minimum Development Indicators (NMDI) for Population,I,A,Annual,TO,Tonga,NMDI0002,Population growth (%),_T,Total,_T,All ages,_T,National,_T,No breakdown by disability,_Z,Not applicable,1996,,0.05,,PERCENT,percent,,,E,Estimated value,,,Population projections (PDH.Stat),
DATAFLOW,SPC:DF_NMDI_POP(1.0),National Minimum Development Indicators (NMDI) for Population,I,A,Annual,TO,Tonga,NMDI0002,Population growth (%),_T,Total,_T,All ages,_T,National,_T,No breakdown by disability,_Z,Not applicable,1997,,0.39,,PERCENT,percent,,,E,Estimated value,,,Population projections (PDH.Stat),
DATAFLOW,SPC:DF_NMDI_POP(1.0),National Minimum Development Indicators (NMDI) for Population,I,A,Annual,TO,Tonga,NMDI0002,Population growth (%),_T,Total,_T,All ages,_T,National,_T,No breakdown by disability,_Z,Not applicable,1998,,0.72,,PERCENT,percent,,,E,Estimated value,,,Population projections (PDH.Stat),
DATAFLOW,SPC:DF_NMDI_POP(1.0),National Minimum Development Indicators (NMDI) for Population,I,A,Annual,TO,Tonga,NMDI0002,Population growth (%),_T,Total,_T,All ages,_T,National,_T,No breakdown by disability,_Z,Not applicable,1999,,0.64,,PERCENT,percent,,,E,Estimated value,,,Population projections (PDH.Stat),
DATAFLOW,SPC:DF_NMDI_POP(1.0),National Minimum Development Indicators (NMDI) for Population,I,A,Annual,TO,Tonga,NMDI0002,Population growth (%),_T,Total,_T,All ages,_T,National,_T,No breakdown by disability,_Z,Not applicable,2000,,0.62,,PERCENT,percent,,,E,Estimated value,,,Population projections (PDH.Stat),
DATAFLOW,SPC:DF_NMDI_POP(1.0),National Minimum Development Indicators (NMDI) for Population,I,A,Annual,TO,Tonga,NMDI0002,Population growth (%),_T,Total,_T,All ages,_T,National,_T,No breakdown by disability,_Z,Not applicable,2001,,0.6,,PERCENT,percent,,,E,Estimated value,,,Population projections (PDH.Stat),
DATAFLOW,SPC:DF_NMDI_POP(1.0),National Minimum Development Indicators (NMDI) for Population,I,A,Annual,TO,Tonga,NMDI0002,Population growth (%),_T,Total,_T,All ages,_T,National,_T,No breakdown by disability,_Z,Not applicable,2002,,0.57,,PERCENT,percent,,,E,Estimated value,,,Population projections (PDH.Stat),
DATAFLOW,SPC:DF_NMDI_POP(1.0),National Minimum Development Indicators (NMDI) for Population,I,A,Annual,TO,Tonga,NMDI0002,Population growth (%),_T,Total,_T,All ages,_T,National,_T,No breakdown by disability,_Z,Not applicable,2003,,0.57,,PERCENT,percent,,,E,Estimated value,,,Population projections (PDH.Stat),
DATAFLOW,SPC:DF_NMDI_POP(1.0),National Minimum Development Indicators (NMDI) for Population,I,A,Annual,TO,Tonga,NMDI0002,Population growth (%),_T,Total,_T,All ages,_T,National,_T,No breakdown by disability,_Z,Not applicable,2004,,0.58,,PERCENT,percent,,,E,Estimated value,,,Population projections (PDH.Stat),
DATAFLOW,SPC:DF_NMDI_POP(1.0),National Minimum Development Indicators (NMDI) for Population,I,A,Annual,TO,Tonga,NMDI0002,Population growth (%),_T,Total,_T,All ages,_T,National,_T,No breakdown by disability,_Z,Not applicable,2005,,0.57,,PERCENT,percent,,,E,Estimated value,,,Population projections (PDH.Stat),
DATAFLOW,SPC:DF_NMDI_POP(1.0),National Minimum Development Indicators (NMDI) for Population,I,A,Annual,TO,Tonga,NMDI0002,Population growth (%),_T,Total,_T,All ages,_T,National,_T,No breakdown by disability,_Z,Not applicable,2006,,0.56,,PERCENT,percent,,,E,Estimated value,,,Population projections (PDH.Stat),
DATAFLOW,SPC:DF_NMDI_POP(1.0),National Minimum Development Indicators (NMDI) for Population,I,A,Annual,TO,Tonga,NMDI0002,Population growth (%),_T,Total,_T,All ages,_T,National,_T,No breakdown by disability,_Z,Not applicable,2007,,0.44,,PERCENT,percent,,,E,Estimated value,,,Population projections (PDH.Stat),
DATAFLOW,SPC:DF_NMDI_POP(1.0),National Minimum Development Indicators (NMDI) for Population,I,A,Annual,TO,Tonga,NMDI0002,Population growth (%),_T,Total,_T,All ages,_T,National,_T,No breakdown by disability,_Z,Not applicable,2008,,0.27,,PERCENT,percent,,,E,Estimated value,,,Population projections (PDH.Stat),
DATAFLOW,SPC:DF_NMDI_POP(1.0),National Minimum Development Indicators (NMDI) for Population,I,A,Annual,TO,Tonga,NMDI0002,Population growth (%),_T,Total,_T,All ages,_T,National,_T,No breakdown by disability,_Z,Not applicable,2009,,0.18,,PERCENT,percent,,,E,Estimated value,,,Population projections (PDH.Stat),
DATAFLOW,SPC:DF_NMDI_POP(1.0),National Minimum Development Indicators (NMDI) for Population,I,A,Annual,TO,Tonga,NMDI0002,Population growth (%),_T,Total,_T,All ages,_T,National,_T,No breakdown by disability,_Z,Not applicable,2010,,0.18,,PERCENT,percent,,,E,Estimated value,,,Population projections (PDH.Stat),
DATAFLOW,SPC:DF_NMDI_POP(1.0),National Minimum Development Indicators (NMDI) for Population,I,A,Annual,TO,Tonga,NMDI0002,Population growth (%),_T,Total,_T,All ages,_T,National,_T,No breakdown by disability,_Z,Not applicable,2011,,0.16,,PERCENT,percent,,,E,Estimated value,,,Population projections (PDH.Stat),
DATAFLOW,SPC:DF_NMDI_POP(1.0),National Minimum Development Indicators (NMDI) for Population,I,A,Annual,TO,Tonga,NMDI0002,Population growth (%),_T,Total,_T,All ages,_T,National,_T,No breakdown by disability,_Z,Not applicable,2012,,-0.1,,PERCENT,percent,,,E,Estimated value,,,Population projections (PDH.Stat),
DATAFLOW,SPC:DF_NMDI_POP(1.0),National Minimum Development Indicators (NMDI) for Population,I,A,Annual,TO,Tonga,NMDI0002,Population growth (%),_T,Total,_T,All ages,_T,National,_T,No breakdown by disability,_Z,Not applicable,2013,,-0.36,,PERCENT,percent,,,E,Estimated value,,,Population projections (PDH.Stat),
DATAFLOW,SPC:DF_NMDI_POP(1.0),National Minimum Development Indicators (NMDI) for Population,I,A,Annual,TO,Tonga,NMDI0002,Population growth (%),_T,Total,_T,All ages,_T,National,_T,No breakdown by disability,_Z,Not applicable,2014,,-0.43,,PERCENT,percent,,,E,Estimated value,,,Population projections (PDH.Stat),
DATAFLOW,SPC:DF_NMDI_POP(1.0),National Minimum Development Indicators (NMDI) for Population,I,A,Annual,TO,Tonga,NMDI0002,Population growth (%),_T,Total,_T,All ages,_T,National,_T,No breakdown by disability,_Z,Not applicable,2015,,-0.49,,PERCENT,percent,,,E,Estimated value,,,Population projections (PDH.Stat),
DATAFLOW,SPC:DF_NMDI_POP(1.0),National Minimum Development Indicators (NMDI) for Population,I,A,Annual,TO,Tonga,NMDI0002,Population growth (%),_T,Total,_T,All ages,_T,National,_T,No breakdown by disability,_Z,Not applicable,2016,,-0.54,,PERCENT,percent,,,E,Estimated value,,,Population projections (PDH.Stat),
DATAFLOW,SPC:DF_NMDI_POP(1.0),National Minimum Development Indicators (NMDI) for Population,I,A,Annual,TO,Tonga,NMDI0002,Population growth (%),_T,Total,_T,All ages,_T,National,_T,No breakdown by disability,_Z,Not applicable,2017,,-0.16,,PERCENT,percent,,,E,Estimated value,,,Population projections (PDH.Stat),
DATAFLOW,SPC:DF_NMDI_POP(1.0),National Minimum Development Indicators (NMDI) for Population,I,A,Annual,TO,Tonga,NMDI0002,Population growth (%),_T,Total,_T,All ages,_T,National,_T,No breakdown by disability,_Z,Not applicable,2018,,0.21,,PERCENT,percent,,,E,Estimated value,,,Population projections (PDH.Stat),
DATAFLOW,SPC:DF_NMDI_POP(1.0),National Minimum Development Indicators (NMDI) for Population,I,A,Annual,TO,Tonga,NMDI0002,Population growth (%),_T,Total,_T,All ages,_T,National,_T,No breakdown by disability,_Z,Not applicable,2019,,0.09,,PERCENT,percent,,,E,Estimated value,,,Population projections (PDH.Stat),
DATAFLOW,SPC:DF_NMDI_POP(1.0),National Minimum Development Indicators (NMDI) for Population,I,A,Annual,TO,Tonga,NMDI0002,Population growth (%),_T,Total,_T,All ages,_T,National,_T,No breakdown by disability,_Z,Not applicable,2020,,0.03,,PERCENT,percent,,,E,Estimated value,,,Population projections (PDH.Stat),
DATAFLOW,SPC:DF_NMDI_POP(1.0),National Minimum Development Indicators (NMDI) for Population,I,A,Annual,TO,Tonga,NMDI0002,Population growth (%),_T,Total,_T,All ages,_T,National,_T,No breakdown by disability,_Z,Not applicable,2021,,-0.21,,PERCENT,percent,,,E,Estimated value,,,Population projections (PDH.Stat),
DATAFLOW,SPC:DF_NMDI_POP(1.0),National Minimum Development Indicators (NMDI) for Population,I,A,Annual,TO,Tonga,NMDI0002,Population growth (%),_T,Total,_T,All ages,_T,National,_T,No breakdown by disability,_Z,Not applicable,2022,,-0.42,,PERCENT,percent,,,E,Estimated value,,,Population projections (PDH.Stat),
DATAFLOW,SPC:DF_NMDI_POP(1.0),National Minimum Development Indicators (NMDI) for Population,I,A,Annual,TO,Tonga,NMDI0002,Population growth (%),_T,Total,_T,All ages,_T,National,_T,No breakdown by disability,_Z,Not applicable,2023,,-0.42,,PERCENT,percent,,,E,Estimated value,,,Population projections (PDH.Stat),
DATAFLOW,SPC:DF_NMDI_POP(1.0),National Minimum Development Indicators (NMDI) for Population,I,A,Annual,TO,Tonga,NMDI0002,Population growth (%),_T,Total,_T,All ages,_T,National,_T,No breakdown by disability,_Z,Not applicable,2024,,-0.24,,PERCENT,percent,,,E,Estimated value,,,Population projections (PDH.Stat),
DATAFLOW,SPC:DF_NMDI_POP(1.0),National Minimum Development Indicators (NMDI) for Population,I,A,Annual,TO,Tonga,NMDI0002,Population growth (%),_T,Total,_T,All ages,_T,National,_T,No breakdown by disability,_Z,Not applicable,2025,,-0.39,,PERCENT,percent,,,E,Estimated value,,,Population projections (PDH.Stat),
DATAFLOW,SPC:DF_NMDI_POP(1.0),National Minimum Development Indicators (NMDI) for Population,I,A,Annual,GU,Guam,NMDI0002,Population growth (%),_T,Total,_T,All ages,_T,National,_T,No breakdown by disability,_Z,Not applicable,1990,,2.08,,PERCENT,percent,,,E,Estimated value,,,Population projections (PDH.Stat),
DATAFLOW,SPC:DF_NMDI_POP(1.0),National Minimum Development Indicators (NMDI) for Population,I,A,Annual,GU,Guam,NMDI0002,Population growth (%),_T,Total,_T,All ages,_T,National,_T,No breakdown by disability,_Z,Not applicable,1991,,1.77,,PERCENT,percent,,,E,Estimated value,,,Population projections (PDH.Stat),
DATAFLOW,SPC:DF_NMDI_POP(1.0),National Minimum Development Indicators (NMDI) for Population,I,A,Annual,GU,Guam,NMDI0002,Population growth (%),_T,Total,_T,All ages,_T,National,_T,No breakdown by disability,_Z,Not applicable,1992,,1.65,,PERCENT,percent,,,E,Estimated value,,,Population projections (PDH.Stat),
DATAFLOW,SPC:DF_NMDI_POP(1.0),National Minimum Development Indicators (NMDI) for Population,I,A,Annual,GU,Guam,NMDI0002,Population growth (%),_T,Total,_T,All ages,_T,National,_T,No breakdown by disability,_Z,Not applicable,1993,,1.57,,PERCENT,percent,,,E,Estimated value,,,Population projections (PDH.Stat),
DATAFLOW,SPC:DF_NMDI_POP(1.0),National Minimum Development Indicators (NMDI) for Population,I,A,Annual,GU,Guam,NMDI0002,Population growth (%),_T,Total,_T,All ages,_T,National,_T,No breakdown by disability,_Z,Not applicable,1994,,1.52,,PERCENT,percent,,,E,Estimated value,,,Population projections (PDH.Stat),
DATAFLOW,SPC:DF_NMDI_POP(1.0),National Minimum Development Indicators (NMDI) for Population,I,A,Annual,GU,Guam,NMDI0002,Population growth (%),_T,Total,_T,All ages,_T,National,_T,No breakdown by disability,_Z,Not applicable,1995,,1.48,,PERCENT,percent,,,E,Estimated value,,,Population projections (PDH.Stat),
DATAFLOW,SPC:DF_NMDI_POP(1.0),National Minimum Development Indicators (NMDI) for Population,I,A,Annual,GU,Guam,NMDI0002,Population growth (%),_T,Total,_T,All ages,_T,National,_T,No breakdown by disability,_Z,Not applicable,1996,,1.41,,PERCENT,percent,,,E,Estimated value,,,Population projections (PDH.Stat),
DATAFLOW,SPC:DF_NMDI_POP(1.0),National Minimum Development Indicators (NMDI) for Population,I,A,Annual,GU,Guam,NMDI0002,Population growth (%),_T,Total,_T,All ages,_T,National,_T,No breakdown by disability,_Z,Not applicable,1997,,1.35,,PERCENT,percent,,,E,Estimated value,,,Population projections (PDH.Stat),
DATAFLOW,SPC:DF_NMDI_POP(1.0),National Minimum Development Indicators (NMDI) for Population,I,A,Annual,GU,Guam,NMDI0002,Population growth (%),_T,Total,_T,All ages,_T,National,_T,No breakdown by disability,_Z,Not applicable,1998,,1.31,,PERCENT,percent,,,E,Estimated value,,,Population projections (PDH.Stat),
DATAFLOW,SPC:DF_NMDI_POP(1.0),National Minimum Development Indicators (NMDI) for Population,I,A,Annual,GU,Guam,NMDI0002,Population growth (%),_T,Total,_T,All ages,_T,National,_T,No breakdown by disability,_Z,Not applicable,1999,,1.32,,PERCENT,percent,,,E,Estimated value,,,Population projections (PDH.Stat),
DATAFLOW,SPC:DF_NMDI_POP(1.0),National Minimum Development Indicators (NMDI) for Population,I,A,Annual,GU,Guam,NMDI0002,Population growth (%),_T,Total,_T,All ages,_T,National,_T,No breakdown by disability,_Z,Not applicable,2000,,1.12,,PERCENT,percent,,,E,Estimated value,,,Population projections (PDH.Stat),
DATAFLOW,SPC:DF_NMDI_POP(1.0),National Minimum Development Indicators (NMDI) for Population,I,A,Annual,GU,Guam,NMDI0002,Population growth (%),_T,Total,_T,All ages,_T,National,_T,No breakdown by disability,_Z,Not applicable,2001,,0.79,,PERCENT,percent,,,E,Estimated value,,,Population projections (PDH.Stat),
DATAFLOW,SPC:DF_NMDI_POP(1.0),National Minimum Development Indicators (NMDI) for Population,I,A,Annual,GU,Guam,NMDI0002,Population growth (%),_T,Total,_T,All ages,_T,National,_T,No breakdown by disability,_Z,Not applicable,2002,,0.61,,PERCENT,percent,,,E,Estimated value,,,Population projections (PDH.Stat),
DATAFLOW,SPC:DF_NMDI_POP(1.0),National Minimum Development Indicators (NMDI) for Population,I,A,Annual,GU,Guam,NMDI0002,Population growth (%),_T,Total,_T,All ages,_T,National,_T,No breakdown by disability,_Z,Not applicable,2003,,0.5,,PERCENT,percent,,,E,Estimated value,,,Population projections (PDH.Stat),
DATAFLOW,SPC:DF_NMDI_POP(1.0),National Minimum Development Indicators (NMDI) for Population,I,A,Annual,GU,Guam,NMDI0002,Population growth (%),_T,Total,_T,All ages,_T,National,_T,No breakdown by disability,_Z,Not applicable,2004,,0.41,,PERCENT,percent,,,E,Estimated value,,,Population projections (PDH.Stat),
DATAFLOW,SPC:DF_NMDI_POP(1.0),National Minimum Development Indicators (NMDI) for Population,I,A,Annual,GU,Guam,NMDI0002,Population growth (%),_T,Total,_T,All ages,_T,National,_T,No breakdown by disability,_Z,Not applicable,2005,,0.34,,PERCENT,percent,,,E,Estimated value,,,Population projections (PDH.Stat),
DATAFLOW,SPC:DF_NMDI_POP(1.0),National Minimum Development Indicators (NMDI) for Population,I,A,Annual,GU,Guam,NMDI0002,Population growth (%),_T,Total,_T,All ages,_T,National,_T,No breakdown by disability,_Z,Not applicable,2006,,0.29,,PERCENT,percent,,,E,Estimated value,,,Population projections (PDH.Stat),
DATAFLOW,SPC:DF_NMDI_POP(1.0),National Minimum Development Indicators (NMDI) for Population,I,A,Annual,GU,Guam,NMDI0002,Population growth (%),_T,Total,_T,All ages,_T,National,_T,No breakdown by disability,_Z,Not applicable,2007,,0.26,,PERCENT,percent,,,E,Estimated value,,,Population projections (PDH.Stat),
DATAFLOW,SPC:DF_NMDI_POP(1.0),National Minimum Development Indicators (NMDI) for Population,I,A,Annual,GU,Guam,NMDI0002,Population growth (%),_T,Total,_T,All ages,_T,National,_T,No breakdown by disability,_Z,Not applicable,2008,,0.26,,PERCENT,percent,,,E,Estimated value,,,Population projections (PDH.Stat),
DATAFLOW,SPC:DF_NMDI_POP(1.0),National Minimum Development Indicators (NMDI) for Population,I,A,Annual,GU,Guam,NMDI0002,Population growth (%),_T,Total,_T,All ages,_T,National,_T,No breakdown by disability,_Z,Not applicable,2009,,0.29,,PERCENT,percent,,,E,Estimated value,,,Population projections (PDH.Stat),
DATAFLOW,SPC:DF_NMDI_POP(1.0),National Minimum Development Indicators (NMDI) for Population,I,A,Annual,GU,Guam,NMDI0002,Population growth (%),_T,Total,_T,All ages,_T,National,_T,No breakdown by disability,_Z,Not applicable,2010,,0.21,,PERCENT,percent,,,E,Estimated value,,,Population projections (PDH.Stat),
DATAFLOW,SPC:DF_NMDI_POP(1.0),National Minimum Development Indicators (NMDI) for Population,I,A,Annual,GU,Guam,NMDI0002,Population growth (%),_T,Total,_T,All ages,_T,National,_T,No breakdown by disability,_Z,Not applicable,2011,,0,,PERCENT,percent,,,E,Estimated value,,,Population projections (PDH.Stat),
DATAFLOW,SPC:DF_NMDI_POP(1.0),National Minimum Development Indicators (NMDI) for Population,I,A,Annual,GU,Guam,NMDI0002,Population growth (%),_T,Total,_T,All ages,_T,National,_T,No breakdown by disability,_Z,Not applicable,2012,,-0.12,,PERCENT,percent,,,E,Estimated value,,,Population projections (PDH.Stat),
DATAFLOW,SPC:DF_NMDI_POP(1.0),National Minimum Development Indicators (NMDI) for Population,I,A,Annual,GU,Guam,NMDI0002,Population growth (%),_T,Total,_T,All ages,_T,National,_T,No breakdown by disability,_Z,Not applicable,2013,,-0.22,,PERCENT,percent,,,E,Estimated value,,,Population projections (PDH.Stat),
DATAFLOW,SPC:DF_NMDI_POP(1.0),National Minimum Development Indicators (NMDI) for Population,I,A,Annual,GU,Guam,NMDI0002,Population growth (%),_T,Total,_T,All ages,_T,National,_T,No breakdown by disability,_Z,Not applicable,2014,,-0.29,,PERCENT,percent,,,E,Estimated value,,,Population projections (PDH.Stat),
DATAFLOW,SPC:DF_NMDI_POP(1.0),National Minimum Development Indicators (NMDI) for Population,I,A,Annual,GU,Guam,NMDI0002,Population growth (%),_T,Total,_T,All ages,_T,National,_T,No breakdown by disability,_Z,Not applicable,2015,,-0.35,,PERCENT,percent,,,E,Estimated value,,,Population projections (PDH.Stat),
DATAFLOW,SPC:DF_NMDI_POP(1.0),National Minimum Development Indicators (NMDI) for Population,I,A,Annual,GU,Guam,NMDI0002,Population growth (%),_T,Total,_T,All ages,_T,National,_T,No breakdown by disability,_Z,Not applicable,2016,,-0.41,,PERCENT,percent,,,E,Estimated value,,,Population projections (PDH.Stat),
DATAFLOW,SPC:DF_NMDI_POP(1.0),National Minimum Development Indicators (NMDI) for Population,I,A,Annual,GU,Guam,NMDI0002,Population growth (%),_T,Total,_T,All ages,_T,National,_T,No breakdown by disability,_Z,Not applicable,2017,,-0.45,,PERCENT,percent,,,E,Estimated value,,,Population projections (PDH.Stat),
DATAFLOW,SPC:DF_NMDI_POP(1.0),National Minimum Development Indicators (NMDI) for Population,I,A,Annual,GU,Guam,NMDI0002,Population growth (%),_T,Total,_T,All ages,_T,National,_T,No breakdown by disability,_Z,Not applicable,2018,,-0.5,,PERCENT,percent,,,E,Estimated value,,,Population projections (PDH.Stat),
DATAFLOW,SPC:DF_NMDI_POP(1.0),National Minimum Development Indicators (NMDI) for Population,I,A,Annual,GU,Guam,NMDI0002,Population growth (%),_T,Total,_T,All ages,_T,National,_T,No breakdown by disability,_Z,Not applicable,2019,,-0.53,,PERCENT,percent,,,E,Estimated value,,,Population projections (PDH.Stat),
DATAFLOW,SPC:DF_NMDI_POP(1.0),National Minimum Development Indicators (NMDI) for Population,I,A,Annual,GU,Guam,NMDI0002,Population growth (%),_T,Total,_T,All ages,_T,National,_T,No breakdown by disability,_Z,Not applicable,2020,,0.21,,PERCENT,percent,,,E,Estimated value,,,Population projections (PDH.Stat),
DATAFLOW,SPC:DF_NMDI_POP(1.0),National Minimum Development Indicators (NMDI) for Population,I,A,Annual,GU,Guam,NMDI0002,Population growth (%),_T,Total,_T,All ages,_T,National,_T,No breakdown by disability,_Z,Not applicable,2021,,0.97,,PERCENT,percent,,,E,Estimated value,,,Population projections (PDH.Stat),
DATAFLOW,SPC:DF_NMDI_POP(1.0),National Minimum Development Indicators (NMDI) for Population,I,A,Annual,GU,Guam,NMDI0002,Population growth (%),_T,Total,_T,All ages,_T,National,_T,No breakdown by disability,_Z,Not applicable,2022,,0.88,,PERCENT,percent,,,E,Estimated value,,,Population projections (PDH.Stat),
DATAFLOW,SPC:DF_NMDI_POP(1.0),National Minimum Development Indicators (NMDI) for Population,I,A,Annual,GU,Guam,NMDI0002,Population growth (%),_T,Total,_T,All ages,_T,National,_T,No breakdown by disability,_Z,Not applicable,2023,,0.81,,PERCENT,percent,,,E,Estimated value,,,Population projections (PDH.Stat),
DATAFLOW,SPC:DF_NMDI_POP(1.0),National Minimum Development Indicators (NMDI) for Population,I,A,Annual,GU,Guam,NMDI0002,Population growth (%),_T,Total,_T,All ages,_T,National,_T,No breakdown by disability,_Z,Not applicable,2024,,0.37,,PERCENT,percent,,,E,Estimated value,,,Population projections (PDH.Stat),
DATAFLOW,SPC:DF_NMDI_POP(1.0),National Minimum Development Indicators (NMDI) for Population,I,A,Annual,GU,Guam,NMDI0002,Population growth (%),_T,Total,_T,All ages,_T,National,_T,No breakdown by disability,_Z,Not applicable,2025,,0.74,,PERCENT,percent,,,E,Estimated value,,,Population projections (PDH.Stat),
DATAFLOW,SPC:DF_NMDI_POP(1.0),National Minimum Development Indicators (NMDI) for Population,I,A,Annual,FM,Micronesia (Federated States of),NMDI0002,Population growth (%),_T,Total,_T,All ages,_T,National,_T,No breakdown by disability,_Z,Not applicable,1990,,1.91,,PERCENT,percent,,,E,Estimated value,,,Population projections (PDH.Stat),
DATAFLOW,SPC:DF_NMDI_POP(1.0),National Minimum Development Indicators (NMDI) for Population,I,A,Annual,FM,Micronesia (Federated States of),NMDI0002,Population growth (%),_T,Total,_T,All ages,_T,National,_T,No breakdown by disability,_Z,Not applicable,1991,,1.85,,PERCENT,percent,,,E,Estimated value,,,Population projections (PDH.Stat),
DATAFLOW,SPC:DF_NMDI_POP(1.0),National Minimum Development Indicators (NMDI) for Population,I,A,Annual,FM,Micronesia (Federated States of),NMDI0002,Population growth (%),_T,Total,_T,All ages,_T,National,_T,No breakdown by disability,_Z,Not applicable,1992,,2,,PERCENT,percent,,,E,Estimated value,,,Population projections (PDH.Stat),
DATAFLOW,SPC:DF_NMDI_POP(1.0),National Minimum Development Indicators (NMDI) for Population,I,A,Annual,FM,Micronesia (Federated States of),NMDI0002,Population growth (%),_T,Total,_T,All ages,_T,National,_T,No breakdown by disability,_Z,Not applicable,1993,,2.16,,PERCENT,percent,,,E,Estimated value,,,Population projections (PDH.Stat),
DATAFLOW,SPC:DF_NMDI_POP(1.0),National Minimum Development Indicators (NMDI) for Population,I,A,Annual,FM,Micronesia (Federated States of),NMDI0002,Population growth (%),_T,Total,_T,All ages,_T,National,_T,No breakdown by disability,_Z,Not applicable,1994,,1.88,,PERCENT,percent,,,E,Estimated value,,,Population projections (PDH.Stat),
DATAFLOW,SPC:DF_NMDI_POP(1.0),National Minimum Development Indicators (NMDI) for Population,I,A,Annual,FM,Micronesia (Federated States of),NMDI0002,Population growth (%),_T,Total,_T,All ages,_T,National,_T,No breakdown by disability,_Z,Not applicable,1995,,1.05,,PERCENT,percent,,,E,Estimated value,,,Population projections (PDH.Stat),
DATAFLOW,SPC:DF_NMDI_POP(1.0),National Minimum Development Indicators (NMDI) for Population,I,A,Annual,FM,Micronesia (Federated States of),NMDI0002,Population growth (%),_T,Total,_T,All ages,_T,National,_T,No breakdown by disability,_Z,Not applicable,1996,,0.43,,PERCENT,percent,,,E,Estimated value,,,Population projections (PDH.Stat),
DATAFLOW,SPC:DF_NMDI_POP(1.0),National Minimum Development Indicators (NMDI) for Population,I,A,Annual,FM,Micronesia (Federated States of),NMDI0002,Population growth (%),_T,Total,_T,All ages,_T,National,_T,No breakdown by disability,_Z,Not applicable,1997,,0.33,,PERCENT,percent,,,E,Estimated value,,,Population projections (PDH.Stat),
DATAFLOW,SPC:DF_NMDI_POP(1.0),National Minimum Development Indicators (NMDI) for Population,I,A,Annual,FM,Micronesia (Federated States of),NMDI0002,Population growth (%),_T,Total,_T,All ages,_T,National,_T,No breakdown by disability,_Z,Not applicable,1998,,0.28,,PERCENT,percent,,,E,Estimated value,,,Population projections (PDH.Stat),
DATAFLOW,SPC:DF_NMDI_POP(1.0),National Minimum Development Indicators (NMDI) for Population,I,A,Annual,FM,Micronesia (Federated States of),NMDI0002,Population growth (%),_T,Total,_T,All ages,_T,National,_T,No breakdown by disability,_Z,Not applicable,1999,,0.27,,PERCENT,percent,,,E,Estimated value,,,Population projections (PDH.Stat),
DATAFLOW,SPC:DF_NMDI_POP(1.0),National Minimum Development Indicators (NMDI) for Population,I,A,Annual,FM,Micronesia (Federated States of),NMDI0002,Population growth (%),_T,Total,_T,All ages,_T,National,_T,No breakdown by disability,_Z,Not applicable,2000,,0.32,,PERCENT,percent,,,E,Estimated value,,,Population projections (PDH.Stat),
DATAFLOW,SPC:DF_NMDI_POP(1.0),National Minimum Development Indicators (NMDI) for Population,I,A,Annual,FM,Micronesia (Federated States of),NMDI0002,Population growth (%),_T,Total,_T,All ages,_T,National,_T,No breakdown by disability,_Z,Not applicable,2001,,0.29,,PERCENT,percent,,,E,Estimated value,,,Population projections (PDH.Stat),
DATAFLOW,SPC:DF_NMDI_POP(1.0),National Minimum Development Indicators (NMDI) for Population,I,A,Annual,FM,Micronesia (Federated States of),NMDI0002,Population growth (%),_T,Total,_T,All ages,_T,National,_T,No breakdown by disability,_Z,Not applicable,2002,,0.08,,PERCENT,percent,,,E,Estimated value,,,Population projections (PDH.Stat),
DATAFLOW,SPC:DF_NMDI_POP(1.0),National Minimum Development Indicators (NMDI) for Population,I,A,Annual,FM,Micronesia (Federated States of),NMDI0002,Population growth (%),_T,Total,_T,All ages,_T,National,_T,No breakdown by disability,_Z,Not applicable,2003,,-0.15,,PERCENT,percent,,,E,Estimated value,,,Population projections (PDH.Stat),
DATAFLOW,SPC:DF_NMDI_POP(1.0),National Minimum Development Indicators (NMDI) for Population,I,A,Annual,FM,Micronesia (Federated States of),NMDI0002,Population growth (%),_T,Total,_T,All ages,_T,National,_T,No breakdown by disability,_Z,Not applicable,2004,,-0.32,,PERCENT,percent,,,E,Estimated value,,,Population projections (PDH.Stat),
DATAFLOW,SPC:DF_NMDI_POP(1.0),National Minimum Development Indicators (NMDI) for Population,I,A,Annual,FM,Micronesia (Federated States of),NMDI0002,Population growth (%),_T,Total,_T,All ages,_T,National,_T,No breakdown by disability,_Z,Not applicable,2005,,-0.45,,PERCENT,percent,,,E,Estimated value,,,Population projections (PDH.Stat),
DATAFLOW,SPC:DF_NMDI_POP(1.0),National Minimum Development Indicators (NMDI) for Population,I,A,Annual,FM,Micronesia (Federated States of),NMDI0002,Population growth (%),_T,Total,_T,All ages,_T,National,_T,No breakdown by disability,_Z,Not applicable,2006,,-0.62,,PERCENT,percent,,,E,Estimated value,,,Population projections (PDH.Stat),
DATAFLOW,SPC:DF_NMDI_POP(1.0),National Minimum Development Indicators (NMDI) for Population,I,A,Annual,FM,Micronesia (Federated States of),NMDI0002,Population growth (%),_T,Total,_T,All ages,_T,National,_T,No breakdown by disability,_Z,Not applicable,2007,,-0.78,,PERCENT,percent,,,E,Estimated value,,,Population projections (PDH.Stat),
DATAFLOW,SPC:DF_NMDI_POP(1.0),National Minimum Development Indicators (NMDI) for Population,I,A,Annual,FM,Micronesia (Federated States of),NMDI0002,Population growth (%),_T,Total,_T,All ages,_T,National,_T,No breakdown by disability,_Z,Not applicable,2008,,-0.84,,PERCENT,percent,,,E,Estimated value,,,Population projections (PDH.Stat),
DATAFLOW,SPC:DF_NMDI_POP(1.0),National Minimum Development Indicators (NMDI) for Population,I,A,Annual,FM,Micronesia (Federated States of),NMDI0002,Population growth (%),_T,Total,_T,All ages,_T,National,_T,No breakdown by disability,_Z,Not applicable,2009,,-0.9,,PERCENT,percent,,,E,Estimated value,,,Population projections (PDH.Stat),
DATAFLOW,SPC:DF_NMDI_POP(1.0),National Minimum Development Indicators (NMDI) for Population,I,A,Annual,FM,Micronesia (Federated States of),NMDI0002,Population growth (%),_T,Total,_T,All ages,_T,National,_T,No breakdown by disability,_Z,Not applicable,2010,,-0.38,,PERCENT,percent,,,E,Estimated value,,,Population projections (PDH.Stat),
DATAFLOW,SPC:DF_NMDI_POP(1.0),National Minimum Development Indicators (NMDI) for Population,I,A,Annual,FM,Micronesia (Federated States of),NMDI0002,Population growth (%),_T,Total,_T,All ages,_T,National,_T,No breakdown by disability,_Z,Not applicable,2011,,0.14,,PERCENT,percent,,,E,Estimated value,,,Population projections (PDH.Stat),
DATAFLOW,SPC:DF_NMDI_POP(1.0),National Minimum Development Indicators (NMDI) for Population,I,A,Annual,FM,Micronesia (Federated States of),NMDI0002,Population growth (%),_T,Total,_T,All ages,_T,National,_T,No breakdown by disability,_Z,Not applicable,2012,,0.18,,PERCENT,percent,,,E,Estimated value,,,Population projections (PDH.Stat),
DATAFLOW,SPC:DF_NMDI_POP(1.0),National Minimum Development Indicators (NMDI) for Population,I,A,Annual,FM,Micronesia (Federated States of),NMDI0002,Population growth (%),_T,Total,_T,All ages,_T,National,_T,No breakdown by disability,_Z,Not applicable,2013,,0.22,,PERCENT,percent,,,E,Estimated value,,,Population projections (PDH.Stat),
DATAFLOW,SPC:DF_NMDI_POP(1.0),National Minimum Development Indicators (NMDI) for Population,I,A,Annual,FM,Micronesia (Federated States of),NMDI0002,Population growth (%),_T,Total,_T,All ages,_T,National,_T,No breakdown by disability,_Z,Not applicable,2014,,0.25,,PERCENT,percent,,,E,Estimated value,,,Population projections (PDH.Stat),
DATAFLOW,SPC:DF_NMDI_POP(1.0),National Minimum Development Indicators (NMDI) for Population,I,A,Annual,FM,Micronesia (Federated States of),NMDI0002,Population growth (%),_T,Total,_T,All ages,_T,National,_T,No breakdown by disability,_Z,Not applicable,2015,,0.29,,PERCENT,percent,,,E,Estimated value,,,Population projections (PDH.Stat),
DATAFLOW,SPC:DF_NMDI_POP(1.0),National Minimum Development Indicators (NMDI) for Population,I,A,Annual,FM,Micronesia (Federated States of),NMDI0002,Population growth (%),_T,Total,_T,All ages,_T,National,_T,No breakdown by disability,_Z,Not applicable,2016,,0.33,,PERCENT,percent,,,E,Estimated value,,,Population projections (PDH.Stat),
DATAFLOW,SPC:DF_NMDI_POP(1.0),National Minimum Development Indicators (NMDI) for Population,I,A,Annual,FM,Micronesia (Federated States of),NMDI0002,Population growth (%),_T,Total,_T,All ages,_T,National,_T,No breakdown by disability,_Z,Not applicable,2017,,0.37,,PERCENT,percent,,,E,Estimated value,,,Population projections (PDH.Stat),
DATAFLOW,SPC:DF_NMDI_POP(1.0),National Minimum Development Indicators (NMDI) for Population,I,A,Annual,FM,Micronesia (Federated States of),NMDI0002,Population growth (%),_T,Total,_T,All ages,_T,National,_T,No breakdown by disability,_Z,Not applicable,2018,,0.4,,PERCENT,percent,,,E,Estimated value,,,Population projections (PDH.Stat),
DATAFLOW,SPC:DF_NMDI_POP(1.0),National Minimum Development Indicators (NMDI) for Population,I,A,Annual,FM,Micronesia (Federated States of),NMDI0002,Population growth (%),_T,Total,_T,All ages,_T,National,_T,No breakdown by disability,_Z,Not applicable,2019,,0.35,,PERCENT,percent,,,E,Estimated value,,,Population projections (PDH.Stat),
DATAFLOW,SPC:DF_NMDI_POP(1.0),National Minimum Development Indicators (NMDI) for Population,I,A,Annual,FM,Micronesia (Federated States of),NMDI0002,Population growth (%),_T,Total,_T,All ages,_T,National,_T,No breakdown by disability,_Z,Not applicable,2020,,0.57,,PERCENT,percent,,,E,Estimated value,,,Population projections (PDH.Stat),
DATAFLOW,SPC:DF_NMDI_POP(1.0),National Minimum Development Indicators (NMDI) for Population,I,A,Annual,FM,Micronesia (Federated States of),NMDI0002,Population growth (%),_T,Total,_T,All ages,_T,National,_T,No breakdown by disability,_Z,Not applicable,2021,,0.63,,PERCENT,percent,,,E,Estimated value,,,Population projections (PDH.Stat),
DATAFLOW,SPC:DF_NMDI_POP(1.0),National Minimum Development Indicators (NMDI) for Population,I,A,Annual,FM,Micronesia (Federated States of),NMDI0002,Population growth (%),_T,Total,_T,All ages,_T,National,_T,No breakdown by disability,_Z,Not applicable,2022,,0.44,,PERCENT,percent,,,E,Estimated value,,,Population projections (PDH.Stat),
DATAFLOW,SPC:DF_NMDI_POP(1.0),National Minimum Development Indicators (NMDI) for Population,I,A,Annual,FM,Micronesia (Federated States of),NMDI0002,Population growth (%),_T,Total,_T,All ages,_T,National,_T,No breakdown by disability,_Z,Not applicable,2023,,0.47,,PERCENT,percent,,,E,Estimated value,,,Population projections (PDH.Stat),
DATAFLOW,SPC:DF_NMDI_POP(1.0),National Minimum Development Indicators (NMDI) for Population,I,A,Annual,FM,Micronesia (Federated States of),NMDI0002,Population growth (%),_T,Total,_T,All ages,_T,National,_T,No breakdown by disability,_Z,Not applicable,2024,,0.2,,PERCENT,percent,,,E,Estimated value,,,Population projections (PDH.Stat),
DATAFLOW,SPC:DF_NMDI_POP(1.0),National Minimum Development Indicators (NMDI) for Population,I,A,Annual,FM,Micronesia (Federated States of),NMDI0002,Population growth (%),_T,Total,_T,All ages,_T,National,_T,No breakdown by disability,_Z,Not applicable,2025,,0.47,,PERCENT,percent,,,E,Estimated value,,,Population projections (PDH.Stat),
DATAFLOW,SPC:DF_NMDI_POP(1.0),National Minimum Development Indicators (NMDI) for Population,I,A,Annual,FJ,Fiji,NMDI0002,Population growth (%),_T,Total,_T,All ages,_T,National,_T,No breakdown by disability,_Z,Not applicable,1990,,0.91,,PERCENT,percent,,,E,Estimated value,,,Population projections (PDH.Stat),
DATAFLOW,SPC:DF_NMDI_POP(1.0),National Minimum Development Indicators (NMDI) for Population,I,A,Annual,FJ,Fiji,NMDI0002,Population growth (%),_T,Total,_T,All ages,_T,National,_T,No breakdown by disability,_Z,Not applicable,1991,,0.82,,PERCENT,percent,,,E,Estimated value,,,Population projections (PDH.Stat),
DATAFLOW,SPC:DF_NMDI_POP(1.0),National Minimum Development Indicators (NMDI) for Population,I,A,Annual,FJ,Fiji,NMDI0002,Population growth (%),_T,Total,_T,All ages,_T,National,_T,No breakdown by disability,_Z,Not applicable,1992,,0.73,,PERCENT,percent,,,E,Estimated value,,,Population projections (PDH.Stat),
DATAFLOW,SPC:DF_NMDI_POP(1.0),National Minimum Development Indicators (NMDI) for Population,I,A,Annual,FJ,Fiji,NMDI0002,Population growth (%),_T,Total,_T,All ages,_T,National,_T,No breakdown by disability,_Z,Not applicable,1993,,0.64,,PERCENT,percent,,,E,Estimated value,,,Population projections (PDH.Stat),
DATAFLOW,SPC:DF_NMDI_POP(1.0),National Minimum Development Indicators (NMDI) for Population,I,A,Annual,FJ,Fiji,NMDI0002,Population growth (%),_T,Total,_T,All ages,_T,National,_T,No breakdown by disability,_Z,Not applicable,1994,,0.56,,PERCENT,percent,,,E,Estimated value,,,Population projections (PDH.Stat),
DATAFLOW,SPC:DF_NMDI_POP(1.0),National Minimum Development Indicators (NMDI) for Population,I,A,Annual,FJ,Fiji,NMDI0002,Population growth (%),_T,Total,_T,All ages,_T,National,_T,No breakdown by disability,_Z,Not applicable,1995,,0.5,,PERCENT,percent,,,E,Estimated value,,,Population projections (PDH.Stat),
DATAFLOW,SPC:DF_NMDI_POP(1.0),National Minimum Development Indicators (NMDI) for Population,I,A,Annual,FJ,Fiji,NMDI0002,Population growth (%),_T,Total,_T,All ages,_T,National,_T,No breakdown by disability,_Z,Not applicable,1996,,0.63,,PERCENT,percent,,,E,Estimated value,,,Population projections (PDH.Stat),
DATAFLOW,SPC:DF_NMDI_POP(1.0),National Minimum Development Indicators (NMDI) for Population,I,A,Annual,FJ,Fiji,NMDI0002,Population growth (%),_T,Total,_T,All ages,_T,National,_T,No breakdown by disability,_Z,Not applicable,1997,,1.04,,PERCENT,percent,,,E,Estimated value,,,Population projections (PDH.Stat),
DATAFLOW,SPC:DF_NMDI_POP(1.0),National Minimum Development Indicators (NMDI) for Population,I,A,Annual,FJ,Fiji,NMDI0002,Population growth (%),_T,Total,_T,All ages,_T,National,_T,No breakdown by disability,_Z,Not applicable,1998,,1.25,,PERCENT,percent,,,E,Estimated value,,,Population projections (PDH.Stat),
DATAFLOW,SPC:DF_NMDI_POP(1.0),National Minimum Development Indicators (NMDI) for Population,I,A,Annual,FJ,Fiji,NMDI0002,Population growth (%),_T,Total,_T,All ages,_T,National,_T,No breakdown by disability,_Z,Not applicable,1999,,1.16,,PERCENT,percent,,,E,Estimated value,,,Population projections (PDH.Stat),
DATAFLOW,SPC:DF_NMDI_POP(1.0),National Minimum Development Indicators (NMDI) for Population,I,A,Annual,FJ,Fiji,NMDI0002,Population growth (%),_T,Total,_T,All ages,_T,National,_T,No breakdown by disability,_Z,Not applicable,2000,,1.09,,PERCENT,percent,,,E,Estimated value,,,Population projections (PDH.Stat),
DATAFLOW,SPC:DF_NMDI_POP(1.0),National Minimum Development Indicators (NMDI) for Population,I,A,Annual,FJ,Fiji,NMDI0002,Population growth (%),_T,Total,_T,All ages,_T,National,_T,No breakdown by disability,_Z,Not applicable,2001,,1.03,,PERCENT,percent,,,E,Estimated value,,,Population projections (PDH.Stat),
DATAFLOW,SPC:DF_NMDI_POP(1.0),National Minimum Development Indicators (NMDI) for Population,I,A,Annual,FJ,Fiji,NMDI0002,Population growth (%),_T,Total,_T,All ages,_T,National,_T,No breakdown by disability,_Z,Not applicable,2002,,1,,PERCENT,percent,,,E,Estimated value,,,Population projections (PDH.Stat),
DATAFLOW,SPC:DF_NMDI_POP(1.0),National Minimum Development Indicators (NMDI) for Population,I,A,Annual,FJ,Fiji,NMDI0002,Population growth (%),_T,Total,_T,All ages,_T,National,_T,No breakdown by disability,_Z,Not applicable,2003,,0.96,,PERCENT,percent,,,E,Estimated value,,,Population projections (PDH.Stat),
DATAFLOW,SPC:DF_NMDI_POP(1.0),National Minimum Development Indicators (NMDI) for Population,I,A,Annual,FJ,Fiji,NMDI0002,Population growth (%),_T,Total,_T,All ages,_T,National,_T,No breakdown by disability,_Z,Not applicable,2004,,0.93,,PERCENT,percent,,,E,Estimated value,,,Population projections (PDH.Stat),
DATAFLOW,SPC:DF_NMDI_POP(1.0),National Minimum Development Indicators (NMDI) for Population,I,A,Annual,FJ,Fiji,NMDI0002,Population growth (%),_T,Total,_T,All ages,_T,National,_T,No breakdown by disability,_Z,Not applicable,2005,,0.92,,PERCENT,percent,,,E,Estimated value,,,Population projections (PDH.Stat),
DATAFLOW,SPC:DF_NMDI_POP(1.0),National Minimum Development Indicators (NMDI) for Population,I,A,Annual,FJ,Fiji,NMDI0002,Population growth (%),_T,Total,_T,All ages,_T,National,_T,No breakdown by disability,_Z,Not applicable,2006,,0.9,,PERCENT,percent,,,E,Estimated value,,,Population projections (PDH.Stat),
DATAFLOW,SPC:DF_NMDI_POP(1.0),National Minimum Development Indicators (NMDI) for Population,I,A,Annual,FJ,Fiji,NMDI0002,Population growth (%),_T,Total,_T,All ages,_T,National,_T,No breakdown by disability,_Z,Not applicable,2007,,0.84,,PERCENT,percent,,,E,Estimated value,,,Population projections (PDH.Stat),
DATAFLOW,SPC:DF_NMDI_POP(1.0),National Minimum Development Indicators (NMDI) for Population,I,A,Annual,FJ,Fiji,NMDI0002,Population growth (%),_T,Total,_T,All ages,_T,National,_T,No breakdown by disability,_Z,Not applicable,2008,,0.62,,PERCENT,percent,,,E,Estimated value,,,Population projections (PDH.Stat),
DATAFLOW,SPC:DF_NMDI_POP(1.0),National Minimum Development Indicators (NMDI) for Population,I,A,Annual,FJ,Fiji,NMDI0002,Population growth (%),_T,Total,_T,All ages,_T,National,_T,No breakdown by disability,_Z,Not applicable,2009,,0.42,,PERCENT,percent,,,E,Estimated value,,,Population projections (PDH.Stat),
DATAFLOW,SPC:DF_NMDI_POP(1.0),National Minimum Development Indicators (NMDI) for Population,I,A,Annual,FJ,Fiji,NMDI0002,Population growth (%),_T,Total,_T,All ages,_T,National,_T,No breakdown by disability,_Z,Not applicable,2010,,0.35,,PERCENT,percent,,,E,Estimated value,,,Population projections (PDH.Stat),
DATAFLOW,SPC:DF_NMDI_POP(1.0),National Minimum Development Indicators (NMDI) for Population,I,A,Annual,FJ,Fiji,NMDI0002,Population growth (%),_T,Total,_T,All ages,_T,National,_T,No breakdown by disability,_Z,Not applicable,2011,,0.28,,PERCENT,percent,,,E,Estimated value,,,Population projections (PDH.Stat),
DATAFLOW,SPC:DF_NMDI_POP(1.0),National Minimum Development Indicators (NMDI) for Population,I,A,Annual,FJ,Fiji,NMDI0002,Population growth (%),_T,Total,_T,All ages,_T,National,_T,No breakdown by disability,_Z,Not applicable,2012,,0.21,,PERCENT,percent,,,E,Estimated value,,,Population projections (PDH.Stat),
DATAFLOW,SPC:DF_NMDI_POP(1.0),National Minimum Development Indicators (NMDI) for Population,I,A,Annual,FJ,Fiji,NMDI0002,Population growth (%),_T,Total,_T,All ages,_T,National,_T,No breakdown by disability,_Z,Not applicable,2013,,0.16,,PERCENT,percent,,,E,Estimated value,,,Population projections (PDH.Stat),
DATAFLOW,SPC:DF_NMDI_POP(1.0),National Minimum Development Indicators (NMDI) for Population,I,A,Annual,FJ,Fiji,NMDI0002,Population growth (%),_T,Total,_T,All ages,_T,National,_T,No breakdown by disability,_Z,Not applicable,2014,,0.13,,PERCENT,percent,,,E,Estimated value,,,Population projections (PDH.Stat),
DATAFLOW,SPC:DF_NMDI_POP(1.0),National Minimum Development Indicators (NMDI) for Population,I,A,Annual,FJ,Fiji,NMDI0002,Population growth (%),_T,Total,_T,All ages,_T,National,_T,No breakdown by disability,_Z,Not applicable,2015,,0.11,,PERCENT,percent,,,E,Estimated value,,,Population projections (PDH.Stat),
DATAFLOW,SPC:DF_NMDI_POP(1.0),National Minimum Development Indicators (NMDI) for Population,I,A,Annual,FJ,Fiji,NMDI0002,Population growth (%),_T,Total,_T,All ages,_T,National,_T,No breakdown by disability,_Z,Not applicable,2016,,0.06,,PERCENT,percent,,,E,Estimated value,,,Population projections (PDH.Stat),
DATAFLOW,SPC:DF_NMDI_POP(1.0),National Minimum Development Indicators (NMDI) for Population,I,A,Annual,FJ,Fiji,NMDI0002,Population growth (%),_T,Total,_T,All ages,_T,National,_T,No breakdown by disability,_Z,Not applicable,2017,,-0.04,,PERCENT,percent,,,E,Estimated value,,,Population projections (PDH.Stat),
DATAFLOW,SPC:DF_NMDI_POP(1.0),National Minimum Development Indicators (NMDI) for Population,I,A,Annual,FJ,Fiji,NMDI0002,Population growth (%),_T,Total,_T,All ages,_T,National,_T,No breakdown by disability,_Z,Not applicable,2018,,-0.17,,PERCENT,percent,,,E,Estimated value,,,Population projections (PDH.Stat),
DATAFLOW,SPC:DF_NMDI_POP(1.0),National Minimum Development Indicators (NMDI) for Population,I,A,Annual,FJ,Fiji,NMDI0002,Population growth (%),_T,Total,_T,All ages,_T,National,_T,No breakdown by disability,_Z,Not applicable,2019,,-0.25,,PERCENT,percent,,,E,Estimated value,,,Population projections (PDH.Stat),
DATAFLOW,SPC:DF_NMDI_POP(1.0),National Minimum Development Indicators (NMDI) for Population,I,A,Annual,FJ,Fiji,NMDI0002,Population growth (%),_T,Total,_T,All ages,_T,National,_T,No breakdown by disability,_Z,Not applicable,2020,,0.01,,PERCENT,percent,,,E,Estimated value,,,Population projections (PDH.Stat),
DATAFLOW,SPC:DF_NMDI_POP(1.0),National Minimum Development Indicators (NMDI) for Population,I,A,Annual,FJ,Fiji,NMDI0002,Population growth (%),_T,Total,_T,All ages,_T,National,_T,No breakdown by disability,_Z,Not applicable,2021,,0.19,,PERCENT,percent,,,E,Estimated value,,,Population projections (PDH.Stat),
DATAFLOW,SPC:DF_NMDI_POP(1.0),National Minimum Development Indicators (NMDI) for Population,I,A,Annual,FJ,Fiji,NMDI0002,Population growth (%),_T,Total,_T,All ages,_T,National,_T,No breakdown by disability,_Z,Not applicable,2022,,0.3,,PERCENT,percent,,,E,Estimated value,,,Population projections (PDH.Stat),
DATAFLOW,SPC:DF_NMDI_POP(1.0),National Minimum Development Indicators (NMDI) for Population,I,A,Annual,FJ,Fiji,NMDI0002,Population growth (%),_T,Total,_T,All ages,_T,National,_T,No breakdown by disability,_Z,Not applicable,2023,,0.51,,PERCENT,percent,,,E,Estimated value,,,Population projections (PDH.Stat),
DATAFLOW,SPC:DF_NMDI_POP(1.0),National Minimum Development Indicators (NMDI) for Population,I,A,Annual,FJ,Fiji,NMDI0002,Population growth (%),_T,Total,_T,All ages,_T,National,_T,No breakdown by disability,_Z,Not applicable,2024,,0.26,,PERCENT,percent,,,E,Estimated value,,,Population projections (PDH.Stat),
DATAFLOW,SPC:DF_NMDI_POP(1.0),National Minimum Development Indicators (NMDI) for Population,I,A,Annual,FJ,Fiji,NMDI0002,Population growth (%),_T,Total,_T,All ages,_T,National,_T,No breakdown by disability,_Z,Not applicable,2025,,0.48,,PERCENT,percent,,,E,Estimated value,,,Population projections (PDH.Stat),
DATAFLOW,SPC:DF_NMDI_POP(1.0),National Minimum Development Indicators (NMDI) for Population,I,A,Annual,KI,Kiribati,NMDI0002,Population growth (%),_T,Total,_T,All ages,_T,National,_T,No breakdown by disability,_Z,Not applicable,1990,,2.33,,PERCENT,percent,,,E,Estimated value,,,Population projections (PDH.Stat),
DATAFLOW,SPC:DF_NMDI_POP(1.0),National Minimum Development Indicators (NMDI) for Population,I,A,Annual,KI,Kiribati,NMDI0002,Population growth (%),_T,Total,_T,All ages,_T,National,_T,No breakdown by disability,_Z,Not applicable,1991,,2.02,,PERCENT,percent,,,E,Estimated value,,,Population projections (PDH.Stat),
DATAFLOW,SPC:DF_NMDI_POP(1.0),National Minimum Development Indicators (NMDI) for Population,I,A,Annual,KI,Kiribati,NMDI0002,Population growth (%),_T,Total,_T,All ages,_T,National,_T,No breakdown by disability,_Z,Not applicable,1992,,1.67,,PERCENT,percent,,,E,Estimated value,,,Population projections (PDH.Stat),
DATAFLOW,SPC:DF_NMDI_POP(1.0),National Minimum Development Indicators (NMDI) for Population,I,A,Annual,KI,Kiribati,NMDI0002,Population growth (%),_T,Total,_T,All ages,_T,National,_T,No breakdown by disability,_Z,Not applicable,1993,,1.54,,PERCENT,percent,,,E,Estimated value,,,Population projections (PDH.Stat),
DATAFLOW,SPC:DF_NMDI_POP(1.0),National Minimum Development Indicators (NMDI) for Population,I,A,Annual,KI,Kiribati,NMDI0002,Population growth (%),_T,Total,_T,All ages,_T,National,_T,No breakdown by disability,_Z,Not applicable,1994,,1.49,,PERCENT,percent,,,E,Estimated value,,,Population projections (PDH.Stat),
DATAFLOW,SPC:DF_NMDI_POP(1.0),National Minimum Development Indicators (NMDI) for Population,I,A,Annual,KI,Kiribati,NMDI0002,Population growth (%),_T,Total,_T,All ages,_T,National,_T,No breakdown by disability,_Z,Not applicable,1995,,1.52,,PERCENT,percent,,,E,Estimated value,,,Population projections (PDH.Stat),
DATAFLOW,SPC:DF_NMDI_POP(1.0),National Minimum Development Indicators (NMDI) for Population,I,A,Annual,KI,Kiribati,NMDI0002,Population growth (%),_T,Total,_T,All ages,_T,National,_T,No breakdown by disability,_Z,Not applicable,1996,,1.71,,PERCENT,percent,,,E,Estimated value,,,Population projections (PDH.Stat),
DATAFLOW,SPC:DF_NMDI_POP(1.0),National Minimum Development Indicators (NMDI) for Population,I,A,Annual,KI,Kiribati,NMDI0002,Population growth (%),_T,Total,_T,All ages,_T,National,_T,No breakdown by disability,_Z,Not applicable,1997,,1.84,,PERCENT,percent,,,E,Estimated value,,,Population projections (PDH.Stat),
DATAFLOW,SPC:DF_NMDI_POP(1.0),National Minimum Development Indicators (NMDI) for Population,I,A,Annual,KI,Kiribati,NMDI0002,Population growth (%),_T,Total,_T,All ages,_T,National,_T,No breakdown by disability,_Z,Not applicable,1998,,1.8,,PERCENT,percent,,,E,Estimated value,,,Population projections (PDH.Stat),
DATAFLOW,SPC:DF_NMDI_POP(1.0),National Minimum Development Indicators (NMDI) for Population,I,A,Annual,KI,Kiribati,NMDI0002,Population growth (%),_T,Total,_T,All ages,_T,National,_T,No breakdown by disability,_Z,Not applicable,1999,,1.71,,PERCENT,percent,,,E,Estimated value,,,Population projections (PDH.Stat),
DATAFLOW,SPC:DF_NMDI_POP(1.0),National Minimum Development Indicators (NMDI) for Population,I,A,Annual,KI,Kiribati,NMDI0002,Population growth (%),_T,Total,_T,All ages,_T,National,_T,No breakdown by disability,_Z,Not applicable,2000,,1.7,,PERCENT,percent,,,E,Estimated value,,,Population projections (PDH.Stat),
DATAFLOW,SPC:DF_NMDI_POP(1.0),National Minimum Development Indicators (NMDI) for Population,I,A,Annual,KI,Kiribati,NMDI0002,Population growth (%),_T,Total,_T,All ages,_T,National,_T,No breakdown by disability,_Z,Not applicable,2001,,1.93,,PERCENT,percent,,,E,Estimated value,,,Population projections (PDH.Stat),
DATAFLOW,SPC:DF_NMDI_POP(1.0),National Minimum Development Indicators (NMDI) for Population,I,A,Annual,KI,Kiribati,NMDI0002,Population growth (%),_T,Total,_T,All ages,_T,National,_T,No breakdown by disability,_Z,Not applicable,2002,,2.14,,PERCENT,percent,,,E,Estimated value,,,Population projections (PDH.Stat),
DATAFLOW,SPC:DF_NMDI_POP(1.0),National Minimum Development Indicators (NMDI) for Population,I,A,Annual,KI,Kiribati,NMDI0002,Population growth (%),_T,Total,_T,All ages,_T,National,_T,No breakdown by disability,_Z,Not applicable,2003,,2.07,,PERCENT,percent,,,E,Estimated value,,,Population projections (PDH.Stat),
DATAFLOW,SPC:DF_NMDI_POP(1.0),National Minimum Development Indicators (NMDI) for Population,I,A,Annual,KI,Kiribati,NMDI0002,Population growth (%),_T,Total,_T,All ages,_T,National,_T,No breakdown by disability,_Z,Not applicable,2004,,2.03,,PERCENT,percent,,,E,Estimated value,,,Population projections (PDH.Stat),
DATAFLOW,SPC:DF_NMDI_POP(1.0),National Minimum Development Indicators (NMDI) for Population,I,A,Annual,KI,Kiribati,NMDI0002,Population growth (%),_T,Total,_T,All ages,_T,National,_T,No breakdown by disability,_Z,Not applicable,2005,,2.03,,PERCENT,percent,,,E,Estimated value,,,Population projections (PDH.Stat),
DATAFLOW,SPC:DF_NMDI_POP(1.0),National Minimum Development Indicators (NMDI) for Population,I,A,Annual,KI,Kiribati,NMDI0002,Population growth (%),_T,Total,_T,All ages,_T,National,_T,No breakdown by disability,_Z,Not applicable,2006,,2.03,,PERCENT,percent,,,E,Estimated value,,,Population projections (PDH.Stat),
DATAFLOW,SPC:DF_NMDI_POP(1.0),National Minimum Development Indicators (NMDI) for Population,I,A,Annual,KI,Kiribati,NMDI0002,Population growth (%),_T,Total,_T,All ages,_T,National,_T,No breakdown by disability,_Z,Not applicable,2007,,2.04,,PERCENT,percent,,,E,Estimated value,,,Population projections (PDH.Stat),
DATAFLOW,SPC:DF_NMDI_POP(1.0),National Minimum Development Indicators (NMDI) for Population,I,A,Annual,KI,Kiribati,NMDI0002,Population growth (%),_T,Total,_T,All ages,_T,National,_T,No breakdown by disability,_Z,Not applicable,2008,,2.11,,PERCENT,percent,,,E,Estimated value,,,Population projections (PDH.Stat),
DATAFLOW,SPC:DF_NMDI_POP(1.0),National Minimum Development Indicators (NMDI) for Population,I,A,Annual,KI,Kiribati,NMDI0002,Population growth (%),_T,Total,_T,All ages,_T,National,_T,No breakdown by disability,_Z,Not applicable,2009,,2.15,,PERCENT,percent,,,E,Estimated value,,,Population projections (PDH.Stat),
DATAFLOW,SPC:DF_NMDI_POP(1.0),National Minimum Development Indicators (NMDI) for Population,I,A,Annual,KI,Kiribati,NMDI0002,Population growth (%),_T,Total,_T,All ages,_T,National,_T,No breakdown by disability,_Z,Not applicable,2010,,2.09,,PERCENT,percent,,,E,Estimated value,,,Population projections (PDH.Stat),
DATAFLOW,SPC:DF_NMDI_POP(1.0),National Minimum Development Indicators (NMDI) for Population,I,A,Annual,KI,Kiribati,NMDI0002,Population growth (%),_T,Total,_T,All ages,_T,National,_T,No breakdown by disability,_Z,Not applicable,2011,,1.79,,PERCENT,percent,,,E,Estimated value,,,Population projections (PDH.Stat),
DATAFLOW,SPC:DF_NMDI_POP(1.0),National Minimum Development Indicators (NMDI) for Population,I,A,Annual,KI,Kiribati,NMDI0002,Population growth (%),_T,Total,_T,All ages,_T,National,_T,No breakdown by disability,_Z,Not applicable,2012,,1.48,,PERCENT,percent,,,E,Estimated value,,,Population projections (PDH.Stat),
DATAFLOW,SPC:DF_NMDI_POP(1.0),National Minimum Development Indicators (NMDI) for Population,I,A,Annual,KI,Kiribati,NMDI0002,Population growth (%),_T,Total,_T,All ages,_T,National,_T,No breakdown by disability,_Z,Not applicable,2013,,1.38,,PERCENT,percent,,,E,Estimated value,,,Population projections (PDH.Stat),
DATAFLOW,SPC:DF_NMDI_POP(1.0),National Minimum Development Indicators (NMDI) for Population,I,A,Annual,KI,Kiribati,NMDI0002,Population growth (%),_T,Total,_T,All ages,_T,National,_T,No breakdown by disability,_Z,Not applicable,2014,,1.3,,PERCENT,percent,,,E,Estimated value,,,Population projections (PDH.Stat),
DATAFLOW,SPC:DF_NMDI_POP(1.0),National Minimum Development Indicators (NMDI) for Population,I,A,Annual,KI,Kiribati,NMDI0002,Population growth (%),_T,Total,_T,All ages,_T,National,_T,No breakdown by disability,_Z,Not applicable,2015,,1.29,,PERCENT,percent,,,E,Estimated value,,,Population projections (PDH.Stat),
DATAFLOW,SPC:DF_NMDI_POP(1.0),National Minimum Development Indicators (NMDI) for Population,I,A,Annual,KI,Kiribati,NMDI0002,Population growth (%),_T,Total,_T,All ages,_T,National,_T,No breakdown by disability,_Z,Not applicable,2016,,1.42,,PERCENT,percent,,,E,Estimated value,,,Population projections (PDH.Stat),
DATAFLOW,SPC:DF_NMDI_POP(1.0),National Minimum Development Indicators (NMDI) for Population,I,A,Annual,KI,Kiribati,NMDI0002,Population growth (%),_T,Total,_T,All ages,_T,National,_T,No breakdown by disability,_Z,Not applicable,2017,,1.51,,PERCENT,percent,,,E,Estimated value,,,Population projections (PDH.Stat),
DATAFLOW,SPC:DF_NMDI_POP(1.0),National Minimum Development Indicators (NMDI) for Population,I,A,Annual,KI,Kiribati,NMDI0002,Population growth (%),_T,Total,_T,All ages,_T,National,_T,No breakdown by disability,_Z,Not applicable,2018,,1.51,,PERCENT,percent,,,E,Estimated value,,,Population projections (PDH.Stat),
DATAFLOW,SPC:DF_NMDI_POP(1.0),National Minimum Development Indicators (NMDI) for Population,I,A,Annual,KI,Kiribati,NMDI0002,Population growth (%),_T,Total,_T,All ages,_T,National,_T,No breakdown by disability,_Z,Not applicable,2019,,1.51,,PERCENT,percent,,,E,Estimated value,,,Population projections (PDH.Stat),
DATAFLOW,SPC:DF_NMDI_POP(1.0),National Minimum Development Indicators (NMDI) for Population,I,A,Annual,KI,Kiribati,NMDI0002,Population growth (%),_T,Total,_T,All ages,_T,National,_T,No breakdown by disability,_Z,Not applicable,2020,,1.75,,PERCENT,percent,,,E,Estimated value,,,Population projections (PDH.Stat),
DATAFLOW,SPC:DF_NMDI_POP(1.0),National Minimum Development Indicators (NMDI) for Population,I,A,Annual,KI,Kiribati,NMDI0002,Population growth (%),_T,Total,_T,All ages,_T,National,_T,No breakdown by disability,_Z,Not applicable,2021,,1.81,,PERCENT,percent,,,E,Estimated value,,,Population projections (PDH.Stat),
DATAFLOW,SPC:DF_NMDI_POP(1.0),National Minimum Development Indicators (NMDI) for Population,I,A,Annual,KI,Kiribati,NMDI0002,Population growth (%),_T,Total,_T,All ages,_T,National,_T,No breakdown by disability,_Z,Not applicable,2022,,1.63,,PERCENT,percent,,,E,Estimated value,,,Population projections (PDH.Stat),
DATAFLOW,SPC:DF_NMDI_POP(1.0),National Minimum Development Indicators (NMDI) for Population,I,A,Annual,KI,Kiribati,NMDI0002,Population growth (%),_T,Total,_T,All ages,_T,National,_T,No breakdown by disability,_Z,Not applicable,2023,,1.58,,PERCENT,percent,,,E,Estimated value,,,Population projections (PDH.Stat),
DATAFLOW,SPC:DF_NMDI_POP(1.0),National Minimum Development Indicators (NMDI) for Population,I,A,Annual,KI,Kiribati,NMDI0002,Population growth (%),_T,Total,_T,All ages,_T,National,_T,No breakdown by disability,_Z,Not applicable,2024,,0.73,,PERCENT,percent,,,E,Estimated value,,,Population projections (PDH.Stat),
DATAFLOW,SPC:DF_NMDI_POP(1.0),National Minimum Development Indicators (NMDI) for Population,I,A,Annual,KI,Kiribati,NMDI0002,Population growth (%),_T,Total,_T,All ages,_T,National,_T,No breakdown by disability,_Z,Not applicable,2025,,1.48,,PERCENT,percent,,,E,Estimated value,,,Population projections (PDH.Stat),
DATAFLOW,SPC:DF_NMDI_POP(1.0),National Minimum Development Indicators (NMDI) for Population,I,A,Annual,PG,Papua New Guinea,NMDI0002,Population growth (%),_T,Total,_T,All ages,_T,National,_T,No breakdown by disability,_Z,Not applicable,1990,,2.65,,PERCENT,percent,,,E,Estimated value,,,Population projections (PDH.Stat),
DATAFLOW,SPC:DF_NMDI_POP(1.0),National Minimum Development Indicators (NMDI) for Population,I,A,Annual,PG,Papua New Guinea,NMDI0002,Population growth (%),_T,Total,_T,All ages,_T,National,_T,No breakdown by disability,_Z,Not applicable,1991,,3.22,,PERCENT,percent,,,E,Estimated value,,,Population projections (PDH.Stat),
DATAFLOW,SPC:DF_NMDI_POP(1.0),National Minimum Development Indicators (NMDI) for Population,I,A,Annual,PG,Papua New Guinea,NMDI0002,Population growth (%),_T,Total,_T,All ages,_T,National,_T,No breakdown by disability,_Z,Not applicable,1992,,3.6,,PERCENT,percent,,,E,Estimated value,,,Population projections (PDH.Stat),
DATAFLOW,SPC:DF_NMDI_POP(1.0),National Minimum Development Indicators (NMDI) for Population,I,A,Annual,PG,Papua New Guinea,NMDI0002,Population growth (%),_T,Total,_T,All ages,_T,National,_T,No breakdown by disability,_Z,Not applicable,1993,,3.7,,PERCENT,percent,,,E,Estimated value,,,Population projections (PDH.Stat),
DATAFLOW,SPC:DF_NMDI_POP(1.0),National Minimum Development Indicators (NMDI) for Population,I,A,Annual,PG,Papua New Guinea,NMDI0002,Population growth (%),_T,Total,_T,All ages,_T,National,_T,No breakdown by disability,_Z,Not applicable,1994,,3.69,,PERCENT,percent,,,E,Estimated value,,,Population projections (PDH.Stat),
DATAFLOW,SPC:DF_NMDI_POP(1.0),National Minimum Development Indicators (NMDI) for Population,I,A,Annual,PG,Papua New Guinea,NMDI0002,Population growth (%),_T,Total,_T,All ages,_T,National,_T,No breakdown by disability,_Z,Not applicable,1995,,3.66,,PERCENT,percent,,,E,Estimated value,,,Population projections (PDH.Stat),
DATAFLOW,SPC:DF_NMDI_POP(1.0),National Minimum Development Indicators (NMDI) for Population,I,A,Annual,PG,Papua New Guinea,NMDI0002,Population growth (%),_T,Total,_T,All ages,_T,National,_T,No breakdown by disability,_Z,Not applicable,1996,,3.64,,PERCENT,percent,,,E,Estimated value,,,Population projections (PDH.Stat),
DATAFLOW,SPC:DF_NMDI_POP(1.0),National Minimum Development Indicators (NMDI) for Population,I,A,Annual,PG,Papua New Guinea,NMDI0002,Population growth (%),_T,Total,_T,All ages,_T,National,_T,No breakdown by disability,_Z,Not applicable,1997,,3.63,,PERCENT,percent,,,E,Estimated value,,,Population projections (PDH.Stat),
DATAFLOW,SPC:DF_NMDI_POP(1.0),National Minimum Development Indicators (NMDI) for Population,I,A,Annual,PG,Papua New Guinea,NMDI0002,Population growth (%),_T,Total,_T,All ages,_T,National,_T,No breakdown by disability,_Z,Not applicable,1998,,3.58,,PERCENT,percent,,,E,Estimated value,,,Population projections (PDH.Stat),
DATAFLOW,SPC:DF_NMDI_POP(1.0),National Minimum Development Indicators (NMDI) for Population,I,A,Annual,PG,Papua New Guinea,NMDI0002,Population growth (%),_T,Total,_T,All ages,_T,National,_T,No breakdown by disability,_Z,Not applicable,1999,,3.54,,PERCENT,percent,,,E,Estimated value,,,Population projections (PDH.Stat),
DATAFLOW,SPC:DF_NMDI_POP(1.0),National Minimum Development Indicators (NMDI) for Population,I,A,Annual,PG,Papua New Guinea,NMDI0002,Population growth (%),_T,Total,_T,All ages,_T,National,_T,No breakdown by disability,_Z,Not applicable,2000,,3.51,,PERCENT,percent,,,E,Estimated value,,,Population projections (PDH.Stat),
DATAFLOW,SPC:DF_NMDI_POP(1.0),National Minimum Development Indicators (NMDI) for Population,I,A,Annual,PG,Papua New Guinea,NMDI0002,Population growth (%),_T,Total,_T,All ages,_T,National,_T,No breakdown by disability,_Z,Not applicable,2001,,3.46,,PERCENT,percent,,,E,Estimated value,,,Population projections (PDH.Stat),
DATAFLOW,SPC:DF_NMDI_POP(1.0),National Minimum Development Indicators (NMDI) for Population,I,A,Annual,PG,Papua New Guinea,NMDI0002,Population growth (%),_T,Total,_T,All ages,_T,National,_T,No breakdown by disability,_Z,Not applicable,2002,,3.41,,PERCENT,percent,,,E,Estimated value,,,Population projections (PDH.Stat),
DATAFLOW,SPC:DF_NMDI_POP(1.0),National Minimum Development Indicators (NMDI) for Population,I,A,Annual,PG,Papua New Guinea,NMDI0002,Population growth (%),_T,Total,_T,All ages,_T,National,_T,No breakdown by disability,_Z,Not applicable,2003,,3.38,,PERCENT,percent,,,E,Estimated value,,,Population projections (PDH.Stat),
DATAFLOW,SPC:DF_NMDI_POP(1.0),National Minimum Development Indicators (NMDI) for Population,I,A,Annual,PG,Papua New Guinea,NMDI0002,Population growth (%),_T,Total,_T,All ages,_T,National,_T,No breakdown by disability,_Z,Not applicable,2004,,3.33,,PERCENT,percent,,,E,Estimated value,,,Population projections (PDH.Stat),
DATAFLOW,SPC:DF_NMDI_POP(1.0),National Minimum Development Indicators (NMDI) for Population,I,A,Annual,PG,Papua New Guinea,NMDI0002,Population growth (%),_T,Total,_T,All ages,_T,National,_T,No breakdown by disability,_Z,Not applicable,2005,,3.28,,PERCENT,percent,,,E,Estimated value,,,Population projections (PDH.Stat),
DATAFLOW,SPC:DF_NMDI_POP(1.0),National Minimum Development Indicators (NMDI) for Population,I,A,Annual,PG,Papua New Guinea,NMDI0002,Population growth (%),_T,Total,_T,All ages,_T,National,_T,No breakdown by disability,_Z,Not applicable,2006,,3.24,,PERCENT,percent,,,E,Estimated value,,,Population projections (PDH.Stat),
DATAFLOW,SPC:DF_NMDI_POP(1.0),National Minimum Development Indicators (NMDI) for Population,I,A,Annual,PG,Papua New Guinea,NMDI0002,Population growth (%),_T,Total,_T,All ages,_T,National,_T,No breakdown by disability,_Z,Not applicable,2007,,3.2,,PERCENT,percent,,,E,Estimated value,,,Population projections (PDH.Stat),
DATAFLOW,SPC:DF_NMDI_POP(1.0),National Minimum Development Indicators (NMDI) for Population,I,A,Annual,PG,Papua New Guinea,NMDI0002,Population growth (%),_T,Total,_T,All ages,_T,National,_T,No breakdown by disability,_Z,Not applicable,2008,,3.15,,PERCENT,percent,,,E,Estimated value,,,Population projections (PDH.Stat),
DATAFLOW,SPC:DF_NMDI_POP(1.0),National Minimum Development Indicators (NMDI) for Population,I,A,Annual,PG,Papua New Guinea,NMDI0002,Population growth (%),_T,Total,_T,All ages,_T,National,_T,No breakdown by disability,_Z,Not applicable,2009,,3.11,,PERCENT,percent,,,E,Estimated value,,,Population projections (PDH.Stat),
DATAFLOW,SPC:DF_NMDI_POP(1.0),National Minimum Development Indicators (NMDI) for Population,I,A,Annual,PG,Papua New Guinea,NMDI0002,Population growth (%),_T,Total,_T,All ages,_T,National,_T,No breakdown by disability,_Z,Not applicable,2010,,3.07,,PERCENT,percent,,,E,Estimated value,,,Population projections (PDH.Stat),
DATAFLOW,SPC:DF_NMDI_POP(1.0),National Minimum Development Indicators (NMDI) for Population,I,A,Annual,PG,Papua New Guinea,NMDI0002,Population growth (%),_T,Total,_T,All ages,_T,National,_T,No breakdown by disability,_Z,Not applicable,2011,,2.96,,PERCENT,percent,,,E,Estimated value,,,Population projections (PDH.Stat),
DATAFLOW,SPC:DF_NMDI_POP(1.0),National Minimum Development Indicators (NMDI) for Population,I,A,Annual,PG,Papua New Guinea,NMDI0002,Population growth (%),_T,Total,_T,All ages,_T,National,_T,No breakdown by disability,_Z,Not applicable,2012,,2.83,,PERCENT,percent,,,E,Estimated value,,,Population projections (PDH.Stat),
DATAFLOW,SPC:DF_NMDI_POP(1.0),National Minimum Development Indicators (NMDI) for Population,I,A,Annual,PG,Papua New Guinea,NMDI0002,Population growth (%),_T,Total,_T,All ages,_T,National,_T,No breakdown by disability,_Z,Not applicable,2013,,2.74,,PERCENT,percent,,,E,Estimated value,,,Population projections (PDH.Stat),
DATAFLOW,SPC:DF_NMDI_POP(1.0),National Minimum Development Indicators (NMDI) for Population,I,A,Annual,PG,Papua New Guinea,NMDI0002,Population growth (%),_T,Total,_T,All ages,_T,National,_T,No breakdown by disability,_Z,Not applicable,2014,,2.66,,PERCENT,percent,,,E,Estimated value,,,Population projections (PDH.Stat),
DATAFLOW,SPC:DF_NMDI_POP(1.0),National Minimum Development Indicators (NMDI) for Population,I,A,Annual,PG,Papua New Guinea,NMDI0002,Population growth (%),_T,Total,_T,All ages,_T,National,_T,No breakdown by disability,_Z,Not applicable,2015,,2.58,,PERCENT,percent,,,E,Estimated value,,,Population projections (PDH.Stat),
DATAFLOW,SPC:DF_NMDI_POP(1.0),National Minimum Development Indicators (NMDI) for Population,I,A,Annual,PG,Papua New Guinea,NMDI0002,Population growth (%),_T,Total,_T,All ages,_T,National,_T,No breakdown by disability,_Z,Not applicable,2016,,2.5,,PERCENT,percent,,,E,Estimated value,,,Population projections (PDH.Stat),
DATAFLOW,SPC:DF_NMDI_POP(1.0),National Minimum Development Indicators (NMDI) for Population,I,A,Annual,PG,Papua New Guinea,NMDI0002,Population growth (%),_T,Total,_T,All ages,_T,National,_T,No breakdown by disability,_Z,Not applicable,2017,,2.42,,PERCENT,percent,,,E,Estimated value,,,Population projections (PDH.Stat),
DATAFLOW,SPC:DF_NMDI_POP(1.0),National Minimum Development Indicators (NMDI) for Population,I,A,Annual,PG,Papua New Guinea,NMDI0002,Population growth (%),_T,Total,_T,All ages,_T,National,_T,No breakdown by disability,_Z,Not applicable,2018,,2.35,,PERCENT,percent,,,E,Estimated value,,,Population projections (PDH.Stat),
DATAFLOW,SPC:DF_NMDI_POP(1.0),National Minimum Development Indicators (NMDI) for Population,I,A,Annual,PG,Papua New Guinea,NMDI0002,Population growth (%),_T,Total,_T,All ages,_T,National,_T,No breakdown by disability,_Z,Not applicable,2019,,2.28,,PERCENT,percent,,,E,Estimated value,,,Population projections (PDH.Stat),
DATAFLOW,SPC:DF_NMDI_POP(1.0),National Minimum Development Indicators (NMDI) for Population,I,A,Annual,PG,Papua New Guinea,NMDI0002,Population growth (%),_T,Total,_T,All ages,_T,National,_T,No breakdown by disability,_Z,Not applicable,2020,,2.15,,PERCENT,percent,,,E,Estimated value,,,Population projections (PDH.Stat),
DATAFLOW,SPC:DF_NMDI_POP(1.0),National Minimum Development Indicators (NMDI) for Population,I,A,Annual,PG,Papua New Guinea,NMDI0002,Population growth (%),_T,Total,_T,All ages,_T,National,_T,No breakdown by disability,_Z,Not applicable,2021,,2.01,,PERCENT,percent,,,E,Estimated value,,,Population projections (PDH.Stat),
DATAFLOW,SPC:DF_NMDI_POP(1.0),National Minimum Development Indicators (NMDI) for Population,I,A,Annual,PG,Papua New Guinea,NMDI0002,Population growth (%),_T,Total,_T,All ages,_T,National,_T,No breakdown by disability,_Z,Not applicable,2022,,1.9,,PERCENT,percent,,,E,Estimated value,,,Population projections (PDH.Stat),
DATAFLOW,SPC:DF_NMDI_POP(1.0),National Minimum Development Indicators (NMDI) for Population,I,A,Annual,PG,Papua New Guinea,NMDI0002,Population growth (%),_T,Total,_T,All ages,_T,National,_T,No breakdown by disability,_Z,Not applicable,2023,,1.83,,PERCENT,percent,,,E,Estimated value,,,Population projections (PDH.Stat),
DATAFLOW,SPC:DF_NMDI_POP(1.0),National Minimum Development Indicators (NMDI) for Population,I,A,Annual,PG,Papua New Guinea,NMDI0002,Population growth (%),_T,Total,_T,All ages,_T,National,_T,No breakdown by disability,_Z,Not applicable,2024,,0.9,,PERCENT,percent,,,E,Estimated value,,,Population projections (PDH.Stat),
DATAFLOW,SPC:DF_NMDI_POP(1.0),National Minimum Development Indicators (NMDI) for Population,I,A,Annual,PG,Papua New Guinea,NMDI0002,Population growth (%),_T,Total,_T,All ages,_T,National,_T,No breakdown by disability,_Z,Not applicable,2025,,1.78,,PERCENT,percent,,,E,Estimated value,,,Population projections (PDH.Stat),
DATAFLOW,SPC:DF_NMDI_POP(1.0),National Minimum Development Indicators (NMDI) for Population,I,A,Annual,NC,New Caledonia,NMDI0002,Population growth (%),_T,Total,_T,All ages,_T,National,_T,No breakdown by disability,_Z,Not applicable,1990,,2.57,,PERCENT,percent,,,E,Estimated value,,,Population projections (PDH.Stat),
DATAFLOW,SPC:DF_NMDI_POP(1.0),National Minimum Development Indicators (NMDI) for Population,I,A,Annual,NC,New Caledonia,NMDI0002,Population growth (%),_T,Total,_T,All ages,_T,National,_T,No breakdown by disability,_Z,Not applicable,1991,,2.71,,PERCENT,percent,,,E,Estimated value,,,Population projections (PDH.Stat),
DATAFLOW,SPC:DF_NMDI_POP(1.0),National Minimum Development Indicators (NMDI) for Population,I,A,Annual,NC,New Caledonia,NMDI0002,Population growth (%),_T,Total,_T,All ages,_T,National,_T,No breakdown by disability,_Z,Not applicable,1992,,2.67,,PERCENT,percent,,,E,Estimated value,,,Population projections (PDH.Stat),
DATAFLOW,SPC:DF_NMDI_POP(1.0),National Minimum Development Indicators (NMDI) for Population,I,A,Annual,NC,New Caledonia,NMDI0002,Population growth (%),_T,Total,_T,All ages,_T,National,_T,No breakdown by disability,_Z,Not applicable,1993,,2.57,,PERCENT,percent,,,E,Estimated value,,,Population projections (PDH.Stat),
DATAFLOW,SPC:DF_NMDI_POP(1.0),National Minimum Development Indicators (NMDI) for Population,I,A,Annual,NC,New Caledonia,NMDI0002,Population growth (%),_T,Total,_T,All ages,_T,National,_T,No breakdown by disability,_Z,Not applicable,1994,,2.5,,PERCENT,percent,,,E,Estimated value,,,Population projections (PDH.Stat),
DATAFLOW,SPC:DF_NMDI_POP(1.0),National Minimum Development Indicators (NMDI) for Population,I,A,Annual,NC,New Caledonia,NMDI0002,Population growth (%),_T,Total,_T,All ages,_T,National,_T,No breakdown by disability,_Z,Not applicable,1995,,2.43,,PERCENT,percent,,,E,Estimated value,,,Population projections (PDH.Stat),
DATAFLOW,SPC:DF_NMDI_POP(1.0),National Minimum Development Indicators (NMDI) for Population,I,A,Annual,NC,New Caledonia,NMDI0002,Population growth (%),_T,Total,_T,All ages,_T,National,_T,No breakdown by disability,_Z,Not applicable,1996,,2.33,,PERCENT,percent,,,E,Estimated value,,,Population projections (PDH.Stat),
DATAFLOW,SPC:DF_NMDI_POP(1.0),National Minimum Development Indicators (NMDI) for Population,I,A,Annual,NC,New Caledonia,NMDI0002,Population growth (%),_T,Total,_T,All ages,_T,National,_T,No breakdown by disability,_Z,Not applicable,1997,,2.2,,PERCENT,percent,,,E,Estimated value,,,Population projections (PDH.Stat),
DATAFLOW,SPC:DF_NMDI_POP(1.0),National Minimum Development Indicators (NMDI) for Population,I,A,Annual,NC,New Caledonia,NMDI0002,Population growth (%),_T,Total,_T,All ages,_T,National,_T,No breakdown by disability,_Z,Not applicable,1998,,2.14,,PERCENT,percent,,,E,Estimated value,,,Population projections (PDH.Stat),
DATAFLOW,SPC:DF_NMDI_POP(1.0),National Minimum Development Indicators (NMDI) for Population,I,A,Annual,NC,New Caledonia,NMDI0002,Population growth (%),_T,Total,_T,All ages,_T,National,_T,No breakdown by disability,_Z,Not applicable,1999,,2.09,,PERCENT,percent,,,E,Estimated value,,,Population projections (PDH.Stat),
DATAFLOW,SPC:DF_NMDI_POP(1.0),National Minimum Development Indicators (NMDI) for Population,I,A,Annual,NC,New Caledonia,NMDI0002,Population growth (%),_T,Total,_T,All ages,_T,National,_T,No breakdown by disability,_Z,Not applicable,2000,,2.09,,PERCENT,percent,,,E,Estimated value,,,Population projections (PDH.Stat),
DATAFLOW,SPC:DF_NMDI_POP(1.0),National Minimum Development Indicators (NMDI) for Population,I,A,Annual,NC,New Caledonia,NMDI0002,Population growth (%),_T,Total,_T,All ages,_T,National,_T,No breakdown by disability,_Z,Not applicable,2001,,2.06,,PERCENT,percent,,,E,Estimated value,,,Population projections (PDH.Stat),
DATAFLOW,SPC:DF_NMDI_POP(1.0),National Minimum Development Indicators (NMDI) for Population,I,A,Annual,NC,New Caledonia,NMDI0002,Population growth (%),_T,Total,_T,All ages,_T,National,_T,No breakdown by disability,_Z,Not applicable,2002,,1.99,,PERCENT,percent,,,E,Estimated value,,,Population projections (PDH.Stat),
DATAFLOW,SPC:DF_NMDI_POP(1.0),National Minimum Development Indicators (NMDI) for Population,I,A,Annual,NC,New Caledonia,NMDI0002,Population growth (%),_T,Total,_T,All ages,_T,National,_T,No breakdown by disability,_Z,Not applicable,2003,,1.91,,PERCENT,percent,,,E,Estimated value,,,Population projections (PDH.Stat),
DATAFLOW,SPC:DF_NMDI_POP(1.0),National Minimum Development Indicators (NMDI) for Population,I,A,Annual,NC,New Caledonia,NMDI0002,Population growth (%),_T,Total,_T,All ages,_T,National,_T,No breakdown by disability,_Z,Not applicable,2004,,1.76,,PERCENT,percent,,,E,Estimated value,,,Population projections (PDH.Stat),
DATAFLOW,SPC:DF_NMDI_POP(1.0),National Minimum Development Indicators (NMDI) for Population,I,A,Annual,NC,New Caledonia,NMDI0002,Population growth (%),_T,Total,_T,All ages,_T,National,_T,No breakdown by disability,_Z,Not applicable,2005,,1.47,,PERCENT,percent,,,E,Estimated value,,,Population projections (PDH.Stat),
DATAFLOW,SPC:DF_NMDI_POP(1.0),National Minimum Development Indicators (NMDI) for Population,I,A,Annual,NC,New Caledonia,NMDI0002,Population growth (%),_T,Total,_T,All ages,_T,National,_T,No breakdown by disability,_Z,Not applicable,2006,,1.29,,PERCENT,percent,,,E,Estimated value,,,Population projections (PDH.Stat),
DATAFLOW,SPC:DF_NMDI_POP(1.0),National Minimum Development Indicators (NMDI) for Population,I,A,Annual,NC,New Caledonia,NMDI0002,Population growth (%),_T,Total,_T,All ages,_T,National,_T,No breakdown by disability,_Z,Not applicable,2007,,1.28,,PERCENT,percent,,,E,Estimated value,,,Population projections (PDH.Stat),
DATAFLOW,SPC:DF_NMDI_POP(1.0),National Minimum Development Indicators (NMDI) for Population,I,A,Annual,NC,New Caledonia,NMDI0002,Population growth (%),_T,Total,_T,All ages,_T,National,_T,No breakdown by disability,_Z,Not applicable,2008,,1.24,,PERCENT,percent,,,E,Estimated value,,,Population projections (PDH.Stat),
DATAFLOW,SPC:DF_NMDI_POP(1.0),National Minimum Development Indicators (NMDI) for Population,I,A,Annual,NC,New Caledonia,NMDI0002,Population growth (%),_T,Total,_T,All ages,_T,National,_T,No breakdown by disability,_Z,Not applicable,2009,,1.35,,PERCENT,percent,,,E,Estimated value,,,Population projections (PDH.Stat),
DATAFLOW,SPC:DF_NMDI_POP(1.0),National Minimum Development Indicators (NMDI) for Population,I,A,Annual,NC,New Caledonia,NMDI0002,Population growth (%),_T,Total,_T,All ages,_T,National,_T,No breakdown by disability,_Z,Not applicable,2010,,1.68,,PERCENT,percent,,,E,Estimated value,,,Population projections (PDH.Stat),
DATAFLOW,SPC:DF_NMDI_POP(1.0),National Minimum Development Indicators (NMDI) for Population,I,A,Annual,NC,New Caledonia,NMDI0002,Population growth (%),_T,Total,_T,All ages,_T,National,_T,No breakdown by disability,_Z,Not applicable,2011,,1.9,,PERCENT,percent,,,E,Estimated value,,,Population projections (PDH.Stat),
DATAFLOW,SPC:DF_NMDI_POP(1.0),National Minimum Development Indicators (NMDI) for Population,I,A,Annual,NC,New Caledonia,NMDI0002,Population growth (%),_T,Total,_T,All ages,_T,National,_T,No breakdown by disability,_Z,Not applicable,2012,,1.91,,PERCENT,percent,,,E,Estimated value,,,Population projections (PDH.Stat),
DATAFLOW,SPC:DF_NMDI_POP(1.0),National Minimum Development Indicators (NMDI) for Population,I,A,Annual,NC,New Caledonia,NMDI0002,Population growth (%),_T,Total,_T,All ages,_T,National,_T,No breakdown by disability,_Z,Not applicable,2013,,1.91,,PERCENT,percent,,,E,Estimated value,,,Population projections (PDH.Stat),
DATAFLOW,SPC:DF_NMDI_POP(1.0),National Minimum Development Indicators (NMDI) for Population,I,A,Annual,NC,New Caledonia,NMDI0002,Population growth (%),_T,Total,_T,All ages,_T,National,_T,No breakdown by disability,_Z,Not applicable,2014,,1.59,,PERCENT,percent,,,E,Estimated value,,,Population projections (PDH.Stat),
DATAFLOW,SPC:DF_NMDI_POP(1.0),National Minimum Development Indicators (NMDI) for Population,I,A,Annual,NC,New Caledonia,NMDI0002,Population growth (%),_T,Total,_T,All ages,_T,National,_T,No breakdown by disability,_Z,Not applicable,2015,,0.69,,PERCENT,percent,,,E,Estimated value,,,Population projections (PDH.Stat),
DATAFLOW,SPC:DF_NMDI_POP(1.0),National Minimum Development Indicators (NMDI) for Population,I,A,Annual,NC,New Caledonia,NMDI0002,Population growth (%),_T,Total,_T,All ages,_T,National,_T,No breakdown by disability,_Z,Not applicable,2016,,0.09,,PERCENT,percent,,,E,Estimated value,,,Population projections (PDH.Stat),
DATAFLOW,SPC:DF_NMDI_POP(1.0),National Minimum Development Indicators (NMDI) for Population,I,A,Annual,NC,New Caledonia,NMDI0002,Population growth (%),_T,Total,_T,All ages,_T,National,_T,No breakdown by disability,_Z,Not applicable,2017,,0.04,,PERCENT,percent,,,E,Estimated value,,,Population projections (PDH.Stat),
DATAFLOW,SPC:DF_NMDI_POP(1.0),National Minimum Development Indicators (NMDI) for Population,I,A,Annual,NC,New Caledonia,NMDI0002,Population growth (%),_T,Total,_T,All ages,_T,National,_T,No breakdown by disability,_Z,Not applicable,2018,,-0,,PERCENT,percent,,,E,Estimated value,,,Population projections (PDH.Stat),
DATAFLOW,SPC:DF_NMDI_POP(1.0),National Minimum Development Indicators (NMDI) for Population,I,A,Annual,NC,New Caledonia,NMDI0002,Population growth (%),_T,Total,_T,All ages,_T,National,_T,No breakdown by disability,_Z,Not applicable,2019,,0.02,,PERCENT,percent,,,E,Estimated value,,,Population projections (PDH.Stat),
DATAFLOW,SPC:DF_NMDI_POP(1.0),National Minimum Development Indicators (NMDI) for Population,I,A,Annual,NC,New Caledonia,NMDI0002,Population growth (%),_T,Total,_T,All ages,_T,National,_T,No breakdown by disability,_Z,Not applicable,2020,,0.2,,PERCENT,percent,,,E,Estimated value,,,Population projections (PDH.Stat),
DATAFLOW,SPC:DF_NMDI_POP(1.0),National Minimum Development Indicators (NMDI) for Population,I,A,Annual,NC,New Caledonia,NMDI0002,Population growth (%),_T,Total,_T,All ages,_T,National,_T,No breakdown by disability,_Z,Not applicable,2021,,0.36,,PERCENT,percent,,,E,Estimated value,,,Population projections (PDH.Stat),
DATAFLOW,SPC:DF_NMDI_POP(1.0),National Minimum Development Indicators (NMDI) for Population,I,A,Annual,NC,New Caledonia,NMDI0002,Population growth (%),_T,Total,_T,All ages,_T,National,_T,No breakdown by disability,_Z,Not applicable,2022,,0.67,,PERCENT,percent,,,E,Estimated value,,,Population projections (PDH.Stat),
DATAFLOW,SPC:DF_NMDI_POP(1.0),National Minimum Development Indicators (NMDI) for Population,I,A,Annual,NC,New Caledonia,NMDI0002,Population growth (%),_T,Total,_T,All ages,_T,National,_T,No breakdown by disability,_Z,Not applicable,2023,,0.96,,PERCENT,percent,,,E,Estimated value,,,Population projections (PDH.Stat),
DATAFLOW,SPC:DF_NMDI_POP(1.0),National Minimum Development Indicators (NMDI) for Population,I,A,Annual,NC,New Caledonia,NMDI0002,Population growth (%),_T,Total,_T,All ages,_T,National,_T,No breakdown by disability,_Z,Not applicable,2024,,0.48,,PERCENT,percent,,,E,Estimated value,,,Population projections (PDH.Stat),
DATAFLOW,SPC:DF_NMDI_POP(1.0),National Minimum Development Indicators (NMDI) for Population,I,A,Annual,NC,New Caledonia,NMDI0002,Population growth (%),_T,Total,_T,All ages,_T,National,_T,No breakdown by disability,_Z,Not applicable,2025,,0.94,,PERCENT,percent,,,E,Estimated value,,,Population projections (PDH.Stat),
DATAFLOW,SPC:DF_NMDI_POP(1.0),National Minimum Development Indicators (NMDI) for Population,I,A,Annual,NR,Nauru,NMDI0002,Population growth (%),_T,Total,_T,All ages,_T,National,_T,No breakdown by disability,_Z,Not applicable,1990,,2.61,,PERCENT,percent,,,E,Estimated value,,,Population projections (PDH.Stat),
DATAFLOW,SPC:DF_NMDI_POP(1.0),National Minimum Development Indicators (NMDI) for Population,I,A,Annual,NR,Nauru,NMDI0002,Population growth (%),_T,Total,_T,All ages,_T,National,_T,No breakdown by disability,_Z,Not applicable,1991,,2.36,,PERCENT,percent,,,E,Estimated value,,,Population projections (PDH.Stat),
DATAFLOW,SPC:DF_NMDI_POP(1.0),National Minimum Development Indicators (NMDI) for Population,I,A,Annual,NR,Nauru,NMDI0002,Population growth (%),_T,Total,_T,All ages,_T,National,_T,No breakdown by disability,_Z,Not applicable,1992,,1.72,,PERCENT,percent,,,E,Estimated value,,,Population projections (PDH.Stat),
DATAFLOW,SPC:DF_NMDI_POP(1.0),National Minimum Development Indicators (NMDI) for Population,I,A,Annual,NR,Nauru,NMDI0002,Population growth (%),_T,Total,_T,All ages,_T,National,_T,No breakdown by disability,_Z,Not applicable,1993,,0.77,,PERCENT,percent,,,E,Estimated value,,,Population projections (PDH.Stat),
DATAFLOW,SPC:DF_NMDI_POP(1.0),National Minimum Development Indicators (NMDI) for Population,I,A,Annual,NR,Nauru,NMDI0002,Population growth (%),_T,Total,_T,All ages,_T,National,_T,No breakdown by disability,_Z,Not applicable,1994,,0.33,,PERCENT,percent,,,E,Estimated value,,,Population projections (PDH.Stat),
DATAFLOW,SPC:DF_NMDI_POP(1.0),National Minimum Development Indicators (NMDI) for Population,I,A,Annual,NR,Nauru,NMDI0002,Population growth (%),_T,Total,_T,All ages,_T,National,_T,No breakdown by disability,_Z,Not applicable,1995,,0.29,,PERCENT,percent,,,E,Estimated value,,,Population projections (PDH.Stat),
DATAFLOW,SPC:DF_NMDI_POP(1.0),National Minimum Development Indicators (NMDI) for Population,I,A,Annual,NR,Nauru,NMDI0002,Population growth (%),_T,Total,_T,All ages,_T,National,_T,No breakdown by disability,_Z,Not applicable,1996,,0.19,,PERCENT,percent,,,E,Estimated value,,,Population projections (PDH.Stat),
DATAFLOW,SPC:DF_NMDI_POP(1.0),National Minimum Development Indicators (NMDI) for Population,I,A,Annual,NR,Nauru,NMDI0002,Population growth (%),_T,Total,_T,All ages,_T,National,_T,No breakdown by disability,_Z,Not applicable,1997,,0.08,,PERCENT,percent,,,E,Estimated value,,,Population projections (PDH.Stat),
DATAFLOW,SPC:DF_NMDI_POP(1.0),National Minimum Development Indicators (NMDI) for Population,I,A,Annual,NR,Nauru,NMDI0002,Population growth (%),_T,Total,_T,All ages,_T,National,_T,No breakdown by disability,_Z,Not applicable,1998,,0.04,,PERCENT,percent,,,E,Estimated value,,,Population projections (PDH.Stat),
DATAFLOW,SPC:DF_NMDI_POP(1.0),National Minimum Development Indicators (NMDI) for Population,I,A,Annual,NR,Nauru,NMDI0002,Population growth (%),_T,Total,_T,All ages,_T,National,_T,No breakdown by disability,_Z,Not applicable,1999,,-0.1,,PERCENT,percent,,,E,Estimated value,,,Population projections (PDH.Stat),
DATAFLOW,SPC:DF_NMDI_POP(1.0),National Minimum Development Indicators (NMDI) for Population,I,A,Annual,NR,Nauru,NMDI0002,Population growth (%),_T,Total,_T,All ages,_T,National,_T,No breakdown by disability,_Z,Not applicable,2000,,-0.22,,PERCENT,percent,,,E,Estimated value,,,Population projections (PDH.Stat),
DATAFLOW,SPC:DF_NMDI_POP(1.0),National Minimum Development Indicators (NMDI) for Population,I,A,Annual,NR,Nauru,NMDI0002,Population growth (%),_T,Total,_T,All ages,_T,National,_T,No breakdown by disability,_Z,Not applicable,2001,,-0.36,,PERCENT,percent,,,E,Estimated value,,,Population projections (PDH.Stat),
DATAFLOW,SPC:DF_NMDI_POP(1.0),National Minimum Development Indicators (NMDI) for Population,I,A,Annual,NR,Nauru,NMDI0002,Population growth (%),_T,Total,_T,All ages,_T,National,_T,No breakdown by disability,_Z,Not applicable,2002,,-0.45,,PERCENT,percent,,,E,Estimated value,,,Population projections (PDH.Stat),
DATAFLOW,SPC:DF_NMDI_POP(1.0),National Minimum Development Indicators (NMDI) for Population,I,A,Annual,NR,Nauru,NMDI0002,Population growth (%),_T,Total,_T,All ages,_T,National,_T,No breakdown by disability,_Z,Not applicable,2003,,-0.21,,PERCENT,percent,,,E,Estimated value,,,Population projections (PDH.Stat),
DATAFLOW,SPC:DF_NMDI_POP(1.0),National Minimum Development Indicators (NMDI) for Population,I,A,Annual,NR,Nauru,NMDI0002,Population growth (%),_T,Total,_T,All ages,_T,National,_T,No breakdown by disability,_Z,Not applicable,2004,,-0.01,,PERCENT,percent,,,E,Estimated value,,,Population projections (PDH.Stat),
DATAFLOW,SPC:DF_NMDI_POP(1.0),National Minimum Development Indicators (NMDI) for Population,I,A,Annual,NR,Nauru,NMDI0002,Population growth (%),_T,Total,_T,All ages,_T,National,_T,No breakdown by disability,_Z,Not applicable,2005,,-0.11,,PERCENT,percent,,,E,Estimated value,,,Population projections (PDH.Stat),
DATAFLOW,SPC:DF_NMDI_POP(1.0),National Minimum Development Indicators (NMDI) for Population,I,A,Annual,NR,Nauru,NMDI0002,Population growth (%),_T,Total,_T,All ages,_T,National,_T,No breakdown by disability,_Z,Not applicable,2006,,-0.12,,PERCENT,percent,,,E,Estimated value,,,Population projections (PDH.Stat),
DATAFLOW,SPC:DF_NMDI_POP(1.0),National Minimum Development Indicators (NMDI) for Population,I,A,Annual,NR,Nauru,NMDI0002,Population growth (%),_T,Total,_T,All ages,_T,National,_T,No breakdown by disability,_Z,Not applicable,2007,,-0.18,,PERCENT,percent,,,E,Estimated value,,,Population projections (PDH.Stat),
DATAFLOW,SPC:DF_NMDI_POP(1.0),National Minimum Development Indicators (NMDI) for Population,I,A,Annual,NR,Nauru,NMDI0002,Population growth (%),_T,Total,_T,All ages,_T,National,_T,No breakdown by disability,_Z,Not applicable,2008,,-0.08,,PERCENT,percent,,,E,Estimated value,,,Population projections (PDH.Stat),
DATAFLOW,SPC:DF_NMDI_POP(1.0),National Minimum Development Indicators (NMDI) for Population,I,A,Annual,NR,Nauru,NMDI0002,Population growth (%),_T,Total,_T,All ages,_T,National,_T,No breakdown by disability,_Z,Not applicable,2009,,0.09,,PERCENT,percent,,,E,Estimated value,,,Population projections (PDH.Stat),
DATAFLOW,SPC:DF_NMDI_POP(1.0),National Minimum Development Indicators (NMDI) for Population,I,A,Annual,NR,Nauru,NMDI0002,Population growth (%),_T,Total,_T,All ages,_T,National,_T,No breakdown by disability,_Z,Not applicable,2010,,0.23,,PERCENT,percent,,,E,Estimated value,,,Population projections (PDH.Stat),
DATAFLOW,SPC:DF_NMDI_POP(1.0),National Minimum Development Indicators (NMDI) for Population,I,A,Annual,NR,Nauru,NMDI0002,Population growth (%),_T,Total,_T,All ages,_T,National,_T,No breakdown by disability,_Z,Not applicable,2011,,0.6,,PERCENT,percent,,,E,Estimated value,,,Population projections (PDH.Stat),
DATAFLOW,SPC:DF_NMDI_POP(1.0),National Minimum Development Indicators (NMDI) for Population,I,A,Annual,NR,Nauru,NMDI0002,Population growth (%),_T,Total,_T,All ages,_T,National,_T,No breakdown by disability,_Z,Not applicable,2012,,1.58,,PERCENT,percent,,,E,Estimated value,,,Population projections (PDH.Stat),
DATAFLOW,SPC:DF_NMDI_POP(1.0),National Minimum Development Indicators (NMDI) for Population,I,A,Annual,NR,Nauru,NMDI0002,Population growth (%),_T,Total,_T,All ages,_T,National,_T,No breakdown by disability,_Z,Not applicable,2013,,2.48,,PERCENT,percent,,,E,Estimated value,,,Population projections (PDH.Stat),
DATAFLOW,SPC:DF_NMDI_POP(1.0),National Minimum Development Indicators (NMDI) for Population,I,A,Annual,NR,Nauru,NMDI0002,Population growth (%),_T,Total,_T,All ages,_T,National,_T,No breakdown by disability,_Z,Not applicable,2014,,2.12,,PERCENT,percent,,,E,Estimated value,,,Population projections (PDH.Stat),
DATAFLOW,SPC:DF_NMDI_POP(1.0),National Minimum Development Indicators (NMDI) for Population,I,A,Annual,NR,Nauru,NMDI0002,Population growth (%),_T,Total,_T,All ages,_T,National,_T,No breakdown by disability,_Z,Not applicable,2015,,1.98,,PERCENT,percent,,,E,Estimated value,,,Population projections (PDH.Stat),
DATAFLOW,SPC:DF_NMDI_POP(1.0),National Minimum Development Indicators (NMDI) for Population,I,A,Annual,NR,Nauru,NMDI0002,Population growth (%),_T,Total,_T,All ages,_T,National,_T,No breakdown by disability,_Z,Not applicable,2016,,1.7,,PERCENT,percent,,,E,Estimated value,,,Population projections (PDH.Stat),
DATAFLOW,SPC:DF_NMDI_POP(1.0),National Minimum Development Indicators (NMDI) for Population,I,A,Annual,NR,Nauru,NMDI0002,Population growth (%),_T,Total,_T,All ages,_T,National,_T,No breakdown by disability,_Z,Not applicable,2017,,1.63,,PERCENT,percent,,,E,Estimated value,,,Population projections (PDH.Stat),
DATAFLOW,SPC:DF_NMDI_POP(1.0),National Minimum Development Indicators (NMDI) for Population,I,A,Annual,NR,Nauru,NMDI0002,Population growth (%),_T,Total,_T,All ages,_T,National,_T,No breakdown by disability,_Z,Not applicable,2018,,1.32,,PERCENT,percent,,,E,Estimated value,,,Population projections (PDH.Stat),
DATAFLOW,SPC:DF_NMDI_POP(1.0),National Minimum Development Indicators (NMDI) for Population,I,A,Annual,NR,Nauru,NMDI0002,Population growth (%),_T,Total,_T,All ages,_T,National,_T,No breakdown by disability,_Z,Not applicable,2019,,1,,PERCENT,percent,,,E,Estimated value,,,Population projections (PDH.Stat),
DATAFLOW,SPC:DF_NMDI_POP(1.0),National Minimum Development Indicators (NMDI) for Population,I,A,Annual,NR,Nauru,NMDI0002,Population growth (%),_T,Total,_T,All ages,_T,National,_T,No breakdown by disability,_Z,Not applicable,2020,,0.4,,PERCENT,percent,,,E,Estimated value,,,Population projections (PDH.Stat),
DATAFLOW,SPC:DF_NMDI_POP(1.0),National Minimum Development Indicators (NMDI) for Population,I,A,Annual,NR,Nauru,NMDI0002,Population growth (%),_T,Total,_T,All ages,_T,National,_T,No breakdown by disability,_Z,Not applicable,2021,,0.59,,PERCENT,percent,,,E,Estimated value,,,Population projections (PDH.Stat),
DATAFLOW,SPC:DF_NMDI_POP(1.0),National Minimum Development Indicators (NMDI) for Population,I,A,Annual,NR,Nauru,NMDI0002,Population growth (%),_T,Total,_T,All ages,_T,National,_T,No breakdown by disability,_Z,Not applicable,2022,,0.8,,PERCENT,percent,,,E,Estimated value,,,Population projections (PDH.Stat),
DATAFLOW,SPC:DF_NMDI_POP(1.0),National Minimum Development Indicators (NMDI) for Population,I,A,Annual,NR,Nauru,NMDI0002,Population growth (%),_T,Total,_T,All ages,_T,National,_T,No breakdown by disability,_Z,Not applicable,2023,,0.61,,PERCENT,percent,,,E,Estimated value,,,Population projections (PDH.Stat),
DATAFLOW,SPC:DF_NMDI_POP(1.0),National Minimum Development Indicators (NMDI) for Population,I,A,Annual,NR,Nauru,NMDI0002,Population growth (%),_T,Total,_T,All ages,_T,National,_T,No breakdown by disability,_Z,Not applicable,2024,,-0.12,,PERCENT,percent,,,E,Estimated value,,,Population projections (PDH.Stat),
DATAFLOW,SPC:DF_NMDI_POP(1.0),National Minimum Development Indicators (NMDI) for Population,I,A,Annual,NR,Nauru,NMDI0002,Population growth (%),_T,Total,_T,All ages,_T,National,_T,No breakdown by disability,_Z,Not applicable,2025,,0.7,,PERCENT,percent,,,E,Estimated value,,,Population projections (PDH.Stat),
